章节,刘备,关羽,张飞,赵云,诸葛亮,庞统,徐庶,黄忠,法正,魏延,姜维,邓艾,曹操,典韦,许褚,郭嘉,贾诩,程昱,张辽,孙坚,孙策,周瑜,黄盖,孙权,吕布,貂蝉,王允,董卓,李肃,华雄,袁绍,田丰,许攸,沮授,颜良,文丑,马腾,马超,马岱,韩遂,张郃,张鲁,张松,张苞,张嶷,刘焉,刘虞,刘表,刘晔,刘璋,刘禅,刘琦,刘封,曹嵩,曹仁,曹洪,曹昂,曹丕,曹植,曹休,曹真,李傕,郭汜,李儒,李典,杨修,杨仪,陈宫,陈登,韩当,韩馥,韩德,夏侯惇,夏侯渊,吕蒙,诸葛瑾,朱儁,司马懿,蒋琬,蒋钦,蒋干,丁原,黄琬,袁术,何进,荀攸,荀彧,程普,公孙瓒,庞德,徐晃,蔡邕,蔡瑁,陆康,崔琰,文鸯,樊稠,辛评,陶谦,于禁,孔融,皇甫嵩,向宠,乐进,鲁肃,廖化,卢植,太史慈,甘宁,糜竺,麹义,满宠,孟获
第一回,50,11,12,0,0,0,0,0,0,0,0,0,3,0,0,0,0,0,0,0,0,0,0,0,0,0,0,5,0,0,0,0,0,0,0,0,0,0,0,0,0,0,0,0,0,9,0,0,0,0,0,0,0,3,0,0,0,0,0,0,0,0,0,0,0,1,0,0,0,0,0,0,0,0,0,0,5,0,0,0,0,0,0,0,2,0,0,0,1,0,0,1,0,0,0,0,0,0,0,0,0,5,0,0,0,0,10,0,0,0,0,0,0
第二回,97,15,22,0,0,0,0,0,0,0,0,0,8,0,0,0,0,0,0,4,0,0,0,0,0,0,0,7,0,0,5,0,0,0,0,0,0,0,0,0,0,0,0,0,0,9,3,0,0,0,0,0,0,3,0,0,0,0,0,0,0,0,0,0,0,1,0,0,0,0,0,0,0,0,0,0,19,0,0,0,0,0,0,0,19,1,0,0,2,0,0,1,0,0,0,0,0,0,0,0,0,12,0,0,0,0,12,0,0,0,0,0,0
第三回,97,15,22,0,0,0,0,0,0,0,0,0,15,0,0,0,0,0,0,4,0,0,0,0,12,0,3,23,4,0,19,0,0,0,0,0,0,0,0,0,0,0,0,0,0,9,3,0,0,0,0,0,0,3,0,0,0,0,0,0,0,1,1,9,0,1,0,0,0,0,0,0,0,0,0,0,19,0,0,0,0,18,0,3,32,1,0,0,2,0,0,2,0,0,0,0,1,0,0,0,0,12,0,0,0,0,16,0,0,0,0,0,0
第四回,97,15,22,0,0,0,0,0,0,0,0,0,39,0,0,0,0,0,0,4,0,0,0,0,17,0,7,44,4,0,25,0,0,0,0,0,0,0,0,0,0,0,0,0,0,9,3,0,0,0,0,0,0,3,0,0,0,0,0,0,0,1,1,17,0,1,0,6,0,0,0,0,0,0,0,0,19,0,0,0,0,18,0,3,33,1,0,0,2,0,0,3,0,0,0,0,1,0,0,0,0,12,0,0,0,0,16,0,0,0,0,0,0
第五回,126,27,29,0,0,0,0,0,0,0,0,0,53,0,0,0,0,0,0,16,0,0,2,0,53,0,7,58,8,27,34,0,0,0,1,1,1,0,0,0,0,0,0,0,0,9,3,0,0,0,0,0,0,4,3,3,0,0,0,0,0,2,3,20,1,1,0,8,0,2,2,0,2,1,0,0,19,0,0,0,0,18,0,11,33,1,0,4,12,0,0,3,0,0,0,0,2,0,2,0,2,12,0,1,0,0,16,0,0,0,0,0,0
第六回,130,27,30,0,0,0,0,0,0,0,0,0,60,0,0,0,0,0,0,30,0,0,5,0,60,0,7,71,8,27,45,0,0,0,2,2,1,0,0,0,0,0,0,0,0,9,3,7,0,0,0,0,0,4,6,5,0,0,0,0,0,6,5,24,3,1,0,8,0,3,2,0,7,4,0,0,19,0,0,0,0,18,2,14,33,1,0,7,13,0,0,3,4,0,0,0,2,0,2,0,2,12,0,3,0,0,16,0,0,0,0,0,0
第七回,140,29,32,9,0,0,0,0,0,0,0,0,60,0,0,0,0,0,0,44,5,0,13,1,60,0,7,74,8,27,66,3,1,1,6,16,1,0,0,0,0,0,0,0,0,9,3,26,0,0,0,0,0,4,6,5,0,0,0,0,0,6,5,25,3,1,0,8,0,10,9,0,7,4,0,0,19,0,0,0,0,18,2,17,33,1,0,15,33,0,0,3,11,0,0,0,2,1,2,0,2,12,0,3,0,0,16,0,0,0,0,0,0
第八回,140,29,32,9,0,0,0,0,0,0,0,0,60,0,0,0,0,0,0,47,6,0,13,1,83,45,10,84,8,27,66,3,1,1,6,16,1,0,0,0,0,0,0,0,0,9,3,26,0,0,0,0,0,4,6,5,0,0,0,0,0,6,5,26,3,1,0,8,0,10,9,0,7,4,0,0,19,0,0,0,0,18,2,18,33,1,0,15,33,0,0,3,11,0,0,0,2,1,2,0,2,12,0,3,0,0,16,0,0,0,0,0,0
第九回,140,29,32,9,0,0,0,0,0,0,0,0,60,0,0,0,2,0,0,47,6,0,14,1,120,56,34,109,19,27,66,3,1,1,6,16,1,0,0,0,0,0,0,0,0,9,3,26,0,0,0,0,0,4,6,5,0,0,0,0,0,21,16,35,3,1,0,8,0,10,9,0,7,4,0,0,19,0,0,0,0,20,3,19,33,1,0,15,33,0,0,7,11,0,0,0,7,1,2,0,2,14,0,3,0,0,16,0,0,0,0,0,0
第十回,140,29,32,9,0,0,0,0,0,0,0,0,79,2,0,3,6,2,0,47,6,0,14,1,120,56,35,110,19,27,68,3,1,1,6,16,12,10,0,14,0,0,0,0,0,9,3,26,1,0,0,0,0,11,6,5,0,0,0,0,0,40,27,35,3,1,0,10,0,10,9,0,12,4,0,0,22,0,0,0,0,20,3,19,33,3,4,15,33,0,0,7,11,0,0,0,23,1,20,2,2,14,0,3,0,0,16,0,0,0,0,2,0
第十一回,199,36,39,15,0,0,0,0,0,0,0,0,107,5,0,6,6,4,3,47,6,0,14,1,145,56,35,111,19,27,70,3,1,1,6,16,12,10,0,14,0,0,0,0,0,9,3,26,1,0,0,0,0,12,9,7,0,0,0,0,0,41,28,35,4,1,0,16,4,10,9,0,14,4,0,0,22,0,0,0,0,20,3,22,33,3,6,15,35,0,0,7,11,0,0,0,23,1,37,8,31,14,0,6,0,0,16,10,0,11,0,2,0
第十二回,220,36,39,15,0,0,0,0,0,0,0,0,127,29,6,7,6,5,5,48,6,0,14,1,173,56,35,111,19,27,70,3,1,1,6,16,12,10,0,14,0,0,0,0,0,9,3,26,4,0,0,0,0,12,11,10,0,0,0,0,0,41,28,35,14,1,0,24,6,10,9,0,21,9,0,0,22,0,0,0,0,20,3,23,33,3,7,15,35,0,0,7,11,0,0,0,23,1,44,9,31,14,0,13,0,0,16,10,0,14,0,2,0
第十三回,243,38,43,15,0,0,0,0,0,0,0,0,134,29,6,7,12,5,5,48,6,0,14,1,189,56,36,112,19,27,72,3,1,1,7,16,12,10,0,14,0,0,0,0,0,9,3,26,4,0,0,0,0,12,11,10,0,0,1,0,0,73,58,35,14,1,0,27,6,10,9,0,21,9,0,0,25,0,0,0,0,20,3,23,34,3,7,15,35,0,4,7,11,0,0,0,23,1,45,9,31,14,0,13,0,0,16,10,0,15,0,2,0
第十四回,290,46,64,15,0,0,0,0,0,0,0,0,161,32,13,8,14,6,5,48,6,0,14,1,217,56,36,112,19,27,73,3,1,1,7,16,12,10,0,14,0,0,0,0,0,9,3,26,5,0,0,0,0,12,14,13,0,0,1,0,0,81,63,35,16,1,0,29,10,10,9,0,29,10,0,0,25,0,0,0,0,20,3,29,34,4,12,15,35,0,16,7,11,0,0,0,23,1,45,10,31,14,0,15,0,0,16,10,0,17,0,8,0
第十五回,312,46,67,15,0,0,0,0,0,0,0,0,162,32,13,8,14,6,5,51,72,9,19,4,230,56,36,113,19,27,74,3,1,1,7,16,12,10,0,14,0,0,0,0,0,9,3,27,5,0,0,0,0,12,14,13,0,0,1,0,0,81,63,35,16,1,0,30,10,15,9,0,29,10,0,0,25,0,0,3,0,20,3,44,34,4,12,26,35,0,16,7,11,2,0,0,23,1,46,10,31,15,0,15,0,0,16,44,0,17,0,8,0
第十六回,381,49,78,15,0,0,0,0,0,0,0,0,172,40,14,11,19,7,7,51,73,9,19,4,276,58,36,113,19,27,75,3,1,3,7,16,12,10,0,14,0,1,0,0,0,9,3,30,5,1,0,0,0,12,14,13,2,0,1,0,0,82,63,35,17,1,0,36,13,15,9,0,33,10,0,0,25,0,0,3,0,20,3,65,34,4,15,26,35,0,17,7,11,2,0,0,23,1,46,18,31,15,0,16,0,0,16,44,0,19,0,8,0
第十七回,392,54,78,15,0,0,0,0,0,0,0,0,182,41,16,12,20,7,8,51,81,9,19,4,300,58,36,113,19,27,75,3,1,3,7,16,12,10,0,14,0,1,0,0,0,9,3,33,5,1,0,0,0,12,15,14,2,0,1,0,0,84,64,35,17,1,0,39,19,15,9,0,36,10,1,0,25,0,0,3,0,20,3,84,34,4,17,26,35,0,17,7,11,2,0,0,23,1,46,19,31,15,0,16,0,0,16,44,0,19,0,8,0
第十八回,412,61,81,15,0,0,0,0,0,0,0,0,197,44,16,16,27,7,13,51,83,9,19,4,313,58,36,113,19,27,79,3,1,3,7,16,12,10,0,14,0,1,0,0,0,9,3,45,5,1,0,0,0,12,15,14,3,0,1,0,0,84,64,35,19,1,0,42,19,15,9,0,41,12,1,0,25,0,0,3,0,20,3,85,34,5,23,26,39,0,18,7,11,2,0,0,23,1,46,20,31,15,0,16,0,0,16,44,0,22,0,8,0
第十九回,459,66,88,15,0,0,0,0,0,0,0,0,218,44,19,17,27,8,27,51,83,9,19,4,363,61,36,116,19,27,80,3,1,3,7,16,12,10,0,14,0,1,0,0,0,9,3,45,5,1,0,0,0,12,17,14,3,0,1,0,0,84,64,35,19,1,0,63,28,15,9,0,42,14,1,0,25,0,0,3,0,22,3,91,34,6,24,26,39,0,22,7,11,2,0,0,23,1,46,20,31,15,0,16,0,0,16,44,0,28,0,8,0
第二十回,485,73,88,15,0,0,0,0,0,0,0,0,229,44,19,17,27,9,31,51,83,9,19,4,365,61,36,117,19,27,80,3,1,3,7,16,15,10,0,14,0,1,0,0,0,9,3,45,5,1,0,0,0,12,17,14,3,0,1,0,0,84,64,35,19,1,0,63,28,15,9,0,42,14,1,0,25,0,0,3,0,22,3,93,34,6,25,26,39,0,22,7,11,2,0,0,23,1,46,20,32,15,0,16,0,0,16,44,0,28,0,9,0
第二十一回,578,84,93,16,0,0,0,0,0,0,0,0,247,44,26,20,27,12,36,51,84,9,19,4,365,61,36,117,19,27,90,3,1,3,7,16,19,10,0,15,0,2,0,0,0,9,3,47,5,3,0,0,0,12,17,14,3,0,1,0,0,84,64,35,19,1,0,63,34,15,9,0,42,14,1,0,25,0,0,3,0,22,3,104,34,6,26,26,41,0,22,7,11,2,0,0,23,1,46,20,32,15,0,16,0,0,16,44,0,29,0,10,0
第二十二回,614,101,109,16,0,0,0,0,0,0,0,0,266,44,26,20,27,13,36,51,84,9,19,4,368,61,36,120,19,27,99,7,6,6,10,19,19,10,0,15,1,2,0,0,0,9,3,47,5,3,0,0,0,12,18,15,3,0,1,0,0,84,64,35,20,1,0,63,37,15,9,0,42,14,1,0,25,0,0,3,0,22,3,104,35,6,28,26,43,0,22,7,11,2,0,0,23,1,46,21,34,15,0,16,0,0,16,44,0,31,0,10,0
第二十三回,622,101,109,16,0,0,0,0,0,0,0,0,282,44,28,22,31,15,39,51,84,9,19,4,368,61,36,120,19,27,106,7,6,6,10,19,22,10,0,16,1,2,0,0,0,9,3,59,8,3,0,0,0,12,20,15,3,0,1,0,0,84,64,35,22,2,0,63,37,15,9,0,44,14,2,0,25,0,0,3,0,22,3,104,35,9,35,26,43,0,24,7,11,2,0,0,23,1,46,23,40,15,0,18,0,0,16,44,0,31,0,12,0
第二十四回,653,107,113,16,0,0,0,0,0,0,0,0,292,44,29,24,31,18,43,52,84,9,19,4,368,61,36,122,19,27,116,9,6,6,10,19,24,10,0,16,1,2,0,0,0,9,3,59,8,3,0,0,0,12,20,16,3,0,1,0,0,84,64,35,25,2,0,63,38,15,9,0,46,16,2,0,25,0,0,3,0,22,3,104,35,9,37,26,43,0,26,7,11,2,0,0,23,1,46,24,40,15,0,20,0,0,16,44,0,32,0,12,0
第二十五回,682,206,118,16,0,0,0,0,0,0,0,0,308,44,31,24,31,20,57,52,84,9,19,4,371,61,36,122,19,27,120,14,6,10,29,19,24,10,0,16,1,2,0,0,0,9,3,59,8,3,0,0,0,12,20,16,3,0,1,0,0,84,64,35,25,2,0,63,38,15,9,0,49,16,2,0,25,0,0,3,0,22,3,104,35,9,39,26,43,0,29,7,11,2,0,0,23,1,46,24,40,15,0,20,0,0,16,44,0,32,0,12,0
第二十六回,719,279,118,16,0,0,0,0,0,0,0,0,329,44,31,24,31,20,66,52,84,9,19,4,371,61,36,122,19,27,136,14,6,13,35,46,24,10,0,16,1,2,0,0,0,9,3,59,8,3,0,0,0,12,20,17,3,0,1,0,0,84,64,35,25,2,0,63,38,15,9,0,50,16,2,0,25,0,0,3,0,22,3,104,35,12,40,26,43,0,32,7,11,2,0,0,23,1,46,26,40,15,0,21,0,0,16,44,0,32,0,12,0
第二十七回,727,410,118,16,0,0,0,0,0,0,0,0,338,44,33,24,31,21,71,52,84,9,19,4,371,61,36,122,19,27,144,15,6,14,39,50,24,10,0,16,1,2,0,0,0,9,3,59,8,3,0,0,0,12,20,17,3,0,1,0,0,84,64,35,26,2,0,63,38,15,9,0,53,16,2,0,25,0,0,3,0,22,3,104,35,12,40,26,43,0,34,7,11,2,0,0,23,1,46,27,40,15,0,21,0,9,16,44,0,32,0,12,0
第二十八回,765,507,134,21,0,0,0,0,0,0,0,0,346,44,33,24,31,21,76,52,85,9,19,4,371,61,36,122,19,27,155,15,6,17,42,53,24,10,0,16,1,2,0,0,0,9,3,64,8,3,0,0,0,12,20,17,3,0,1,0,0,84,64,35,26,2,0,63,38,15,9,0,60,16,2,0,25,0,0,3,0,22,3,104,35,12,40,26,44,0,35,7,11,2,0,0,23,1,46,27,40,15,0,21,0,10,16,44,0,35,0,12,0
第二十九回,765,507,134,21,0,0,0,0,0,0,0,0,358,44,33,27,31,21,76,52,113,19,19,21,371,61,36,122,19,27,162,15,6,17,42,53,24,10,0,16,1,2,0,0,0,9,3,65,8,3,0,0,0,12,21,17,3,0,1,0,0,84,64,35,26,2,0,63,38,16,9,0,60,16,2,1,25,0,0,3,0,22,3,104,35,12,40,28,44,0,35,8,11,2,0,0,23,1,46,27,40,15,0,21,4,10,16,44,0,35,0,12,0
第三十回,765,507,134,21,0,0,0,0,0,0,0,0,400,44,38,27,32,21,85,52,113,19,19,21,371,61,36,122,19,27,197,20,24,23,42,53,24,10,0,16,5,2,0,0,0,9,3,65,10,3,0,0,0,12,23,20,3,0,1,0,0,84,64,35,28,2,0,63,38,16,9,0,65,17,2,1,25,0,0,3,0,22,3,104,35,16,44,28,44,0,47,8,11,2,0,0,23,1,46,29,40,15,0,21,4,10,16,44,0,35,0,12,0
第三十一回,820,517,141,30,0,0,0,0,0,0,0,0,414,44,45,27,32,23,87,52,113,19,19,23,373,61,36,122,19,27,221,28,24,25,42,53,24,10,0,16,7,2,0,0,0,9,3,75,10,3,0,0,0,12,24,23,3,0,1,0,0,84,64,35,31,2,0,63,38,16,9,0,71,21,2,1,25,0,0,3,0,22,3,104,35,16,46,28,44,0,50,8,14,2,0,0,23,3,46,32,40,15,0,25,4,10,16,44,0,35,0,13,0
第三十二回,822,517,141,30,0,0,0,0,0,0,0,0,427,44,47,28,33,24,93,52,113,19,19,23,373,61,36,122,19,27,226,28,27,26,42,53,24,10,0,16,7,2,0,0,0,9,3,78,10,3,0,0,0,12,24,26,3,2,1,0,0,84,64,35,32,2,0,63,38,16,9,0,71,21,2,1,25,0,0,3,0,22,3,104,35,17,46,28,44,0,58,8,14,2,0,0,23,7,46,32,40,15,0,26,4,10,16,44,0,35,0,14,0
第三十三回,827,517,141,30,0,0,0,0,0,0,0,0,444,44,50,44,33,25,98,52,113,19,19,23,373,61,36,122,19,27,231,28,31,26,42,53,24,10,0,16,7,2,0,0,0,9,3,83,10,3,0,0,0,12,24,29,3,4,1,0,0,84,64,35,35,2,0,63,38,16,9,0,73,21,2,1,25,0,0,3,0,22,3,104,35,19,46,28,44,0,60,8,14,2,1,0,23,8,46,33,40,15,0,30,4,10,16,44,0,35,0,14,0
第三十四回,918,520,144,42,0,0,0,0,0,0,0,0,453,44,50,45,33,25,98,52,113,19,19,26,373,61,36,122,19,27,232,28,31,26,42,53,24,10,0,16,7,4,0,0,0,9,3,96,10,3,1,2,0,12,24,29,3,5,3,0,0,84,64,35,35,2,0,63,38,16,9,0,73,21,2,1,25,0,0,3,0,22,3,104,35,20,47,28,44,0,60,8,29,2,1,0,23,8,46,33,40,15,0,30,4,10,16,44,0,35,0,14,0
第三十五回,997,524,149,53,0,11,7,0,0,0,0,0,454,44,50,45,33,25,98,52,113,19,19,26,373,61,36,122,19,27,232,28,31,26,42,53,24,10,0,16,7,4,0,0,0,9,3,102,10,3,1,4,0,12,30,29,3,5,3,0,0,84,64,35,37,2,0,63,38,16,9,0,73,21,2,1,25,0,0,3,0,22,3,104,35,20,47,28,44,3,60,8,37,2,1,0,23,8,46,33,40,15,0,30,4,10,16,44,0,37,0,14,0
第三十六回,1061,530,151,58,13,16,57,0,0,0,0,0,462,44,50,45,33,30,98,52,113,19,19,26,373,61,36,122,19,27,232,28,31,26,42,53,24,10,0,16,7,4,0,0,0,9,3,104,10,3,1,4,1,12,50,29,3,5,3,0,0,84,64,35,49,2,0,63,38,16,9,0,73,21,2,1,25,0,0,3,0,22,3,104,35,20,47,28,44,3,60,8,37,2,1,0,23,8,46,33,40,15,0,30,4,10,16,44,0,37,0,14,0
第三十七回,1140,533,157,58,61,16,71,0,0,0,0,0,469,44,50,45,33,31,98,52,113,19,19,28,373,61,36,122,19,27,232,28,31,26,42,53,24,10,0,16,7,4,0,0,0,9,3,104,10,3,1,4,1,12,50,29,3,5,3,0,0,84,64,35,49,2,0,63,38,16,9,0,73,21,2,2,25,0,0,3,0,22,3,104,35,20,49,28,44,3,60,8,37,2,1,0,23,8,46,33,40,15,0,30,4,10,16,44,0,37,0,14,0
第三十八回,1176,537,160,58,85,16,75,0,0,0,0,0,476,44,50,45,33,31,98,52,114,29,19,44,373,61,36,123,19,27,234,28,31,26,42,53,24,10,0,16,7,4,0,0,0,9,3,108,10,6,1,4,1,12,50,29,3,5,3,0,0,84,64,35,49,2,0,63,38,16,9,0,73,21,9,2,25,0,0,3,0,22,3,104,35,20,49,28,44,3,60,8,37,2,1,0,23,8,46,33,40,15,0,30,4,10,16,44,7,37,0,14,0
第三十九回,1228,545,170,64,143,16,79,0,0,0,0,0,483,44,50,45,33,31,98,52,114,30,19,47,373,61,36,123,19,27,234,28,31,26,42,53,24,10,0,16,7,4,0,0,0,9,3,117,10,6,1,8,3,12,50,29,3,5,3,0,0,84,64,35,55,2,0,63,38,16,9,0,87,21,9,2,25,2,0,3,0,22,3,104,35,20,50,30,44,3,60,8,38,2,2,0,23,8,46,40,40,15,0,30,4,10,16,44,17,39,0,14,0
第四十回,1258,552,173,66,155,16,79,0,0,0,0,0,499,44,58,45,33,31,99,52,114,30,19,51,374,61,36,123,19,27,235,28,31,26,42,53,24,10,0,16,8,4,0,0,0,9,3,130,10,6,1,15,6,12,63,33,3,5,3,0,0,84,64,35,57,2,0,63,38,16,9,0,90,22,9,2,25,2,0,3,0,22,3,104,35,20,52,30,44,3,60,9,46,2,2,0,23,8,46,42,48,15,0,30,4,10,16,44,17,40,0,14,0
第四十一回,1313,558,184,101,168,16,84,0,0,6,0,0,518,44,60,45,33,31,99,52,114,31,19,51,374,61,36,123,19,27,236,28,31,26,43,54,24,10,0,16,12,4,0,0,0,9,3,132,12,6,1,17,8,12,66,37,3,5,3,0,0,84,64,35,57,2,0,63,38,16,9,0,91,22,9,2,25,2,0,3,0,22,3,104,35,22,52,30,44,3,60,9,53,2,2,0,23,8,46,47,48,15,0,30,4,10,16,44,17,47,0,14,0
第四十二回,1356,569,202,112,197,16,84,0,0,6,0,0,548,44,64,45,33,31,104,52,115,31,19,56,374,61,36,123,19,27,236,28,31,26,43,54,24,10,0,16,13,4,0,0,0,9,3,134,12,6,1,25,8,12,67,37,3,5,3,0,0,84,64,35,59,2,0,63,38,16,9,0,92,23,9,2,25,2,0,3,0,22,3,104,35,23,52,30,44,3,60,9,53,2,2,0,23,8,46,47,48,15,0,31,12,10,16,44,17,47,0,14,0
第四十三回,1377,571,202,113,271,16,84,0,0,6,0,0,581,44,64,45,33,31,104,52,115,31,22,72,375,61,36,123,19,27,242,28,31,26,43,54,24,10,0,16,13,4,0,0,0,9,3,137,12,6,1,27,8,12,68,37,3,5,3,0,0,84,64,35,59,2,0,63,38,16,9,0,93,23,9,4,25,2,0,3,0,22,3,106,35,23,52,30,44,3,60,9,53,2,2,0,23,8,46,47,48,15,0,31,31,10,16,44,17,47,0,14,0
第四十四回,1385,571,202,113,308,16,84,0,0,6,0,0,595,44,64,45,33,31,104,52,115,55,26,78,377,61,36,124,19,27,243,28,31,26,43,54,25,10,0,17,13,4,0,0,0,9,3,139,12,6,1,27,8,12,68,37,3,5,5,0,0,84,64,35,59,2,0,63,38,18,9,0,93,23,11,8,25,2,0,4,0,22,3,107,35,23,52,38,44,3,60,9,53,2,2,0,23,8,46,47,48,15,0,31,45,10,16,45,18,47,0,14,0
第四十五回,1426,588,205,116,343,16,84,0,0,6,0,0,610,44,64,45,33,31,104,52,115,98,26,79,377,61,36,124,19,27,244,28,32,27,44,55,25,10,0,17,13,4,0,0,0,9,3,139,12,6,1,28,8,12,68,37,3,5,5,0,0,84,64,35,59,2,0,63,38,20,9,0,93,23,11,9,25,2,0,6,9,22,3,107,35,23,52,39,44,3,60,9,61,2,2,0,23,8,46,48,48,15,0,31,55,10,16,47,22,51,0,14,0
第四十六回,1426,588,205,116,405,16,84,0,0,6,0,0,626,44,64,45,33,31,105,52,115,129,45,79,377,61,36,124,19,27,244,28,32,27,44,55,25,10,0,17,13,4,0,0,0,9,3,139,12,6,1,28,8,12,68,37,3,5,5,0,0,84,64,35,59,2,0,63,38,20,9,0,93,23,11,9,25,2,0,6,10,22,3,107,35,24,52,39,44,3,61,9,63,2,2,0,23,8,46,51,48,15,0,31,80,10,16,47,27,51,0,14,0
第四十七回,1427,588,205,116,405,30,84,0,0,6,0,0,638,44,64,45,33,31,105,52,115,149,70,80,377,61,36,124,19,27,244,28,32,27,44,55,25,10,0,17,13,4,0,0,0,9,3,139,12,6,1,28,8,12,68,37,3,5,5,0,0,84,64,35,59,2,0,63,38,20,9,0,93,23,11,9,25,2,0,6,17,22,3,107,35,24,52,39,44,3,61,9,64,2,2,0,23,8,46,51,48,15,0,31,82,10,16,47,32,51,0,14,0
第四十八回,1429,588,205,116,406,35,96,0,0,6,0,0,647,44,65,45,33,32,106,52,116,158,70,80,378,61,36,124,19,27,246,28,32,28,44,55,28,10,0,20,14,4,0,0,0,9,3,139,12,6,1,28,8,12,68,38,3,5,5,0,0,84,64,35,60,2,0,63,38,28,9,0,94,24,11,9,25,2,0,6,17,22,3,108,35,26,52,39,44,3,62,9,64,2,2,0,23,8,46,53,48,15,0,32,83,10,16,47,32,51,0,14,0
第四十九回,1441,602,208,126,458,35,96,0,0,6,0,0,669,44,65,45,33,35,109,52,116,178,87,82,378,61,36,124,19,27,246,28,32,28,45,56,28,10,0,20,14,4,0,0,0,9,3,139,12,6,1,33,9,12,68,38,3,5,5,0,0,84,64,35,60,2,0,63,38,29,9,0,94,24,12,9,25,2,0,7,17,22,3,108,35,26,52,42,44,3,62,9,64,2,2,0,23,8,46,53,48,15,0,32,93,10,16,48,36,52,0,14,0
第五十回,1443,632,213,130,470,35,96,0,0,6,0,0,686,44,68,51,33,36,118,52,116,184,93,83,378,61,36,124,19,27,247,28,32,28,46,57,28,10,0,20,16,4,0,0,0,9,3,139,12,6,1,33,9,12,73,39,3,5,5,0,0,84,64,35,62,2,0,63,38,34,9,0,95,24,15,9,25,2,0,8,17,22,3,108,35,26,52,43,44,3,67,9,64,2,2,0,23,8,46,53,48,15,0,33,93,10,16,49,39,52,0,14,0
第五十一回,1465,635,214,132,490,35,96,0,0,6,0,0,688,44,68,51,33,36,118,52,116,220,93,83,378,61,36,124,19,27,247,28,32,28,46,57,28,10,0,20,16,4,0,0,0,9,3,140,12,6,1,33,9,12,107,51,3,5,5,0,0,84,64,35,62,2,0,63,38,37,9,0,96,24,17,9,25,2,0,12,17,22,3,108,35,26,52,59,44,3,67,9,64,2,2,0,23,8,46,53,48,15,0,33,98,10,16,49,50,52,0,14,0
第五十二回,1498,638,228,162,526,35,96,0,0,6,0,0,693,44,68,51,33,36,118,52,116,225,93,85,378,61,36,124,19,27,247,28,32,28,46,57,28,10,0,20,16,4,0,0,0,9,3,144,12,6,1,40,10,12,107,51,3,5,5,0,0,84,64,35,62,2,0,63,38,37,9,0,96,24,17,9,25,2,0,12,17,22,3,108,35,26,52,61,44,3,67,9,64,2,2,0,23,8,46,53,48,15,0,33,112,10,16,49,50,53,0,14,0
第五十三回,1524,681,240,165,543,35,96,32,0,14,0,0,693,44,68,51,33,36,135,52,116,226,93,101,378,61,36,124,19,27,247,28,32,28,46,57,28,10,0,20,16,4,0,0,0,9,3,147,12,6,1,42,10,12,107,51,3,5,5,0,0,84,64,35,67,2,0,63,38,37,9,0,96,24,17,10,25,2,0,12,17,22,3,108,35,26,52,66,44,3,67,9,64,2,2,0,23,8,46,53,48,15,0,38,114,10,16,64,51,53,0,14,0
第五十四回,1618,681,240,173,568,35,96,32,0,14,0,0,694,44,68,51,33,36,135,52,116,241,93,114,378,61,36,124,19,27,247,28,32,28,46,57,28,10,0,20,16,4,0,0,0,9,3,148,12,7,1,42,10,12,107,51,3,5,5,0,0,84,64,35,67,2,0,63,38,37,9,0,96,24,17,10,25,2,0,12,17,22,3,108,35,26,52,66,44,3,67,9,64,2,2,0,23,8,46,53,48,15,0,38,131,10,16,64,51,53,0,14,0
第五十五回,1679,684,240,190,576,35,96,33,0,15,0,0,695,44,68,51,33,36,135,52,116,262,96,124,378,61,36,124,19,27,247,28,32,28,46,57,28,10,0,20,16,4,0,0,0,9,3,148,12,7,1,42,10,12,107,51,3,5,5,0,0,84,64,35,67,2,0,63,38,40,9,0,96,24,17,10,25,2,0,20,17,22,3,108,35,26,52,67,44,3,67,9,64,2,2,0,23,8,46,53,48,15,0,38,131,10,16,64,51,53,0,14,0
第五十六回,1712,686,241,193,603,35,96,35,0,17,0,0,708,44,71,51,33,39,135,53,116,288,97,129,379,61,36,125,19,27,248,28,32,28,46,57,28,10,0,20,17,4,0,0,0,9,3,150,12,10,1,42,10,12,107,52,3,5,5,3,0,84,64,35,67,2,0,63,38,41,9,0,96,25,18,10,25,2,0,21,17,22,3,109,35,26,52,72,44,3,72,9,64,2,2,0,23,8,46,53,48,15,0,38,155,10,16,64,53,56,0,14,0
第五十七回,1751,686,246,195,638,58,96,35,0,17,0,0,726,44,73,51,33,39,135,53,116,315,97,140,379,61,36,125,19,27,248,28,32,28,46,57,50,12,6,22,17,4,0,0,0,9,3,151,12,11,1,42,11,12,107,54,3,5,5,3,0,85,65,35,67,2,0,63,38,41,9,0,96,27,18,10,25,2,0,21,18,22,4,109,35,28,52,72,44,3,74,9,64,2,2,0,23,8,46,53,48,15,0,38,173,10,16,64,53,56,0,14,0
第五十八回,1765,686,246,195,643,58,96,35,0,17,0,0,754,46,81,51,33,39,136,53,116,315,97,143,379,61,36,125,19,27,248,28,32,28,46,57,51,57,14,35,18,4,0,0,0,9,3,151,12,11,1,42,11,12,114,71,3,5,5,3,0,85,65,35,67,2,0,63,38,41,9,0,96,31,18,10,25,2,0,21,18,22,4,109,35,28,52,72,44,22,85,9,64,2,2,0,23,8,46,55,48,15,0,38,178,10,16,64,53,56,0,14,0
第五十九回,1765,686,246,195,643,58,96,35,0,17,0,0,775,46,92,51,38,39,136,53,116,315,97,143,381,61,36,125,19,27,248,28,32,28,46,57,53,101,22,69,18,12,0,0,0,10,3,151,12,15,1,42,11,12,115,74,3,5,5,3,0,85,65,35,67,2,0,63,38,41,9,0,96,38,18,10,25,2,0,21,18,22,4,109,35,29,52,72,44,30,90,9,64,2,2,0,23,8,46,57,48,15,0,38,178,10,16,64,53,56,0,14,0
第六十回,1839,694,249,203,652,71,96,38,18,20,0,0,795,46,92,51,38,39,136,53,116,315,97,147,383,61,36,125,19,27,248,28,32,28,46,57,54,103,22,69,18,25,29,0,0,10,3,151,12,43,1,42,12,12,115,74,3,5,5,3,0,85,65,35,67,8,0,63,38,41,9,0,96,38,18,10,25,2,0,21,18,22,4,109,35,29,53,72,44,30,90,9,64,2,2,0,23,8,46,57,48,15,0,38,178,12,16,64,53,56,0,14,0
第六十一回,1861,694,257,222,654,75,96,38,20,24,0,0,813,46,96,51,38,41,136,53,116,315,97,170,383,61,36,125,19,27,248,28,32,28,46,57,54,103,22,69,18,26,29,0,0,10,3,152,12,54,1,42,13,12,115,75,3,5,5,3,0,85,65,35,67,8,0,63,38,43,9,0,96,38,20,10,25,2,0,21,18,22,4,109,35,29,57,72,44,30,90,9,64,2,2,0,23,8,46,57,48,15,0,38,178,12,16,64,53,56,0,14,0
第六十二回,1932,694,257,222,657,99,96,56,23,48,0,0,819,46,96,51,38,41,136,53,116,315,97,175,383,61,36,125,19,27,248,28,32,28,46,57,54,103,22,69,18,29,33,0,0,10,3,153,12,69,1,42,17,12,115,75,3,5,5,3,0,85,65,35,67,8,0,63,38,43,9,0,96,38,20,10,25,2,0,21,18,22,4,109,35,29,57,72,44,30,90,9,64,2,2,0,23,8,46,57,48,15,0,39,178,12,16,64,53,56,0,14,0
第六十三回,1969,707,299,223,682,126,96,68,29,70,0,0,823,46,96,51,38,41,136,53,116,315,97,177,383,61,36,125,19,27,248,28,32,28,46,57,54,103,22,69,18,29,34,0,0,10,3,153,12,71,1,42,18,12,115,75,3,5,5,3,0,85,65,35,67,8,0,63,38,43,9,0,96,38,20,10,25,2,2,21,18,22,4,109,35,29,57,72,44,30,90,9,64,2,2,0,23,8,46,57,48,15,0,39,178,13,16,64,53,57,0,14,0
第六十四回,2008,707,324,231,702,126,96,79,32,80,0,0,828,46,96,51,38,41,136,53,116,315,97,177,383,61,36,125,19,27,248,28,32,28,46,57,54,131,27,69,18,34,34,0,0,10,3,153,12,82,1,42,18,12,115,75,3,5,5,3,0,85,65,35,67,8,0,63,38,43,9,0,96,44,20,10,25,2,3,21,18,22,4,109,35,29,57,72,44,35,90,9,64,2,2,0,23,8,46,57,48,15,0,39,178,13,16,64,53,57,0,14,0
第六十五回,2075,720,365,240,732,128,96,86,39,92,0,0,833,46,96,51,38,41,136,53,116,315,97,179,383,61,36,125,19,27,248,28,32,28,46,57,54,197,40,69,18,47,34,0,0,10,3,153,12,109,1,42,19,12,115,75,3,5,5,3,0,85,65,35,67,8,0,63,38,43,9,0,96,44,20,10,25,2,4,21,18,22,4,109,35,29,57,72,44,36,90,9,64,2,2,0,23,8,46,57,48,15,0,39,178,14,16,64,53,58,0,14,0
第六十六回,2095,760,365,240,744,128,96,86,39,92,0,0,847,46,101,51,39,41,136,53,116,315,97,195,383,61,36,125,19,27,248,28,32,28,46,57,54,197,40,69,18,48,34,0,0,10,3,153,12,109,1,42,19,12,119,75,3,5,5,3,0,85,65,35,67,8,0,63,38,43,9,0,99,44,24,18,25,2,4,21,18,22,4,109,35,31,58,72,44,36,90,9,64,2,2,0,23,8,46,58,48,15,0,39,196,14,16,64,56,58,0,14,0
第六十七回,2101,761,365,240,747,128,96,86,39,92,0,0,882,46,110,51,42,41,151,53,116,315,98,213,383,61,36,125,19,27,248,28,32,28,46,57,54,200,40,69,31,73,34,0,0,10,3,153,14,110,1,42,19,12,120,75,3,5,5,3,0,85,65,35,75,8,0,63,38,44,9,0,100,58,39,19,25,4,4,22,18,22,4,109,35,31,58,73,44,62,97,9,64,2,2,0,23,8,46,58,48,15,0,47,197,14,16,64,72,58,0,14,0
第六十八回,2104,761,365,240,747,128,96,86,39,92,0,0,905,46,111,51,45,41,161,53,117,315,98,238,383,61,36,125,19,27,248,28,32,28,46,57,54,200,40,69,31,73,34,0,0,10,3,154,14,110,1,42,19,12,121,75,4,8,8,5,0,85,65,35,80,8,0,63,38,44,9,0,100,58,43,19,25,4,4,23,18,22,4,109,35,31,59,73,44,67,99,9,64,2,5,0,23,8,46,58,48,15,0,52,197,14,16,64,90,58,0,14,0
第六十九回,2108,761,369,240,747,128,96,86,39,92,0,0,914,46,111,51,45,41,161,53,117,315,98,238,383,61,36,125,19,27,248,28,32,29,46,57,54,207,40,69,37,73,34,0,0,10,3,154,14,110,1,42,19,12,121,82,4,8,8,8,0,85,65,35,80,8,0,63,38,44,9,0,106,60,43,19,25,5,4,23,18,22,4,109,35,31,59,73,44,67,101,9,64,2,5,0,23,8,46,58,48,15,0,52,198,14,16,64,90,58,0,14,0
第七十回,2124,761,408,244,765,128,96,122,41,106,0,0,917,46,111,51,45,41,161,53,117,315,98,238,383,61,36,125,19,27,248,28,32,30,46,57,54,209,40,69,101,74,34,0,0,10,3,154,14,110,1,42,23,12,121,87,4,8,8,8,0,85,65,35,80,8,0,63,38,44,9,0,107,66,43,19,25,5,4,23,18,22,4,109,35,31,59,73,44,67,101,9,64,2,5,0,23,8,46,58,48,15,0,52,198,14,16,64,90,58,0,14,0
第七十一回,2136,761,409,266,773,128,96,167,51,107,0,0,928,46,111,51,45,41,161,53,117,315,98,238,383,61,36,125,19,27,248,28,32,30,46,57,54,210,40,69,120,74,34,0,0,10,3,154,16,110,1,42,26,12,121,89,4,8,8,9,0,85,65,35,80,10,0,63,38,44,9,0,108,91,43,19,25,5,4,23,18,22,4,109,35,31,59,73,44,67,109,13,64,2,5,0,23,8,46,58,48,15,0,52,198,14,16,64,90,58,0,14,0
第七十二回,2162,761,417,277,786,128,96,173,51,116,0,0,945,46,117,51,45,41,161,53,117,315,98,238,383,61,36,125,19,27,248,28,32,30,46,57,54,216,40,69,120,74,34,0,0,10,3,154,16,110,1,42,32,12,121,89,4,13,11,9,0,85,65,35,80,20,0,63,38,44,9,0,114,91,43,19,25,5,4,23,18,22,4,109,35,31,59,73,44,70,118,13,64,2,5,0,23,8,46,58,48,15,0,52,198,14,16,64,90,58,0,14,0
第七十三回,2184,818,420,279,796,128,96,175,54,119,0,0,957,46,117,51,45,41,161,53,117,315,98,243,383,61,36,126,19,27,248,28,32,30,46,57,54,220,40,69,120,74,34,0,0,10,3,154,16,110,2,42,33,12,133,89,4,13,11,9,0,85,65,35,80,20,0,63,38,44,9,0,114,91,45,22,25,7,4,23,18,22,4,109,35,31,59,73,44,70,118,13,64,2,5,0,23,8,46,59,48,15,0,52,198,18,16,64,90,58,0,25,0
第七十四回,2185,875,420,279,796,128,96,175,54,119,0,0,961,46,117,51,46,41,161,53,117,315,98,243,383,61,36,126,19,27,248,28,32,30,46,57,54,224,40,69,120,74,34,0,0,10,3,154,16,110,2,42,33,12,135,89,4,13,11,9,0,85,65,35,80,20,0,63,38,44,9,0,114,91,45,22,25,7,4,23,18,22,4,109,35,31,59,73,44,129,118,13,64,2,5,0,23,8,46,80,48,15,0,52,198,19,16,64,90,58,0,27,0
第七十五回,2185,905,420,279,796,128,96,175,54,119,0,0,965,46,117,51,46,41,161,53,117,317,98,259,383,61,36,126,19,27,248,28,32,30,46,57,54,224,40,69,120,74,34,0,0,10,3,154,16,110,2,42,33,12,136,89,4,13,11,9,0,85,65,35,80,20,0,63,38,45,9,0,114,91,66,22,25,9,4,24,18,22,4,109,35,31,59,74,44,133,120,13,64,2,5,0,23,8,46,86,48,15,0,52,200,19,16,64,90,58,0,27,0
第七十六回,2185,958,420,279,799,128,96,175,54,119,0,0,970,46,117,51,46,41,161,53,117,317,98,262,383,61,36,126,19,27,248,28,32,30,46,57,54,224,40,69,120,74,34,0,0,10,3,154,16,110,2,42,38,12,139,89,4,13,11,9,0,85,65,35,80,20,0,63,38,46,9,0,114,91,81,25,25,9,4,28,18,22,4,109,35,31,59,74,44,133,143,13,64,2,5,0,23,8,46,86,48,15,0,52,200,33,16,64,90,58,0,27,0
第七十七回,2210,1017,421,279,813,128,96,175,57,119,0,0,977,46,117,52,46,41,161,53,117,318,98,274,383,61,36,126,19,27,248,28,32,30,47,58,54,224,40,69,120,74,34,0,0,11,3,154,16,110,2,42,41,12,139,89,4,13,11,9,0,85,65,35,80,20,0,63,38,46,9,0,114,91,92,25,25,11,4,28,18,22,4,109,35,31,59,74,44,133,143,13,64,2,5,0,23,8,46,86,48,15,0,52,204,34,16,64,90,58,0,27,0
第七十八回,2219,1028,421,279,818,128,96,175,57,119,0,0,983,46,117,52,50,41,161,53,118,318,98,279,383,61,36,126,19,27,248,28,32,30,47,58,55,224,40,69,120,74,34,0,0,11,3,154,16,110,2,42,41,12,139,92,5,17,12,9,0,85,65,35,80,20,0,63,40,46,9,0,115,91,92,25,25,13,4,28,18,22,4,109,35,31,59,74,44,133,143,13,64,2,5,0,23,8,46,86,48,15,0,52,204,34,16,64,90,58,0,27,0
第七十九回,2228,1035,421,279,822,128,96,175,57,119,0,0,985,46,118,52,52,41,161,53,118,318,98,280,383,61,36,126,19,27,248,28,32,30,47,58,55,226,40,69,120,74,34,0,0,11,3,154,17,110,2,42,59,12,139,92,5,36,22,9,0,85,65,35,80,20,0,63,40,46,9,0,116,91,92,25,25,13,4,28,18,22,4,109,35,31,59,74,44,134,146,13,64,2,5,0,23,8,46,91,48,15,0,52,204,35,16,64,90,58,0,27,0
第八十回,2229,1036,421,281,840,128,96,175,57,119,0,0,987,46,118,52,55,41,161,53,118,318,98,281,383,61,36,126,19,27,248,28,32,30,47,58,55,226,40,69,120,74,34,0,0,11,3,154,17,110,3,42,59,12,139,96,5,49,22,12,0,85,65,35,80,20,0,63,40,46,9,0,116,91,92,25,25,14,4,28,18,22,4,109,35,31,59,74,44,134,146,13,64,2,5,0,23,8,46,91,48,15,0,52,204,35,16,64,90,59,0,27,0
第八十一回,2231,1040,433,284,850,128,96,176,57,120,0,0,989,46,118,52,55,41,161,53,118,318,98,285,383,61,36,126,19,27,248,28,32,30,47,58,55,227,41,69,121,74,34,6,0,11,3,154,17,110,3,42,59,12,139,96,5,51,22,12,0,85,65,35,80,20,0,63,40,46,9,0,116,91,92,28,25,14,4,28,18,22,4,109,35,31,59,74,44,134,146,13,64,2,5,0,23,8,46,91,48,15,0,52,204,35,16,64,90,59,0,27,0
第八十二回,2235,1044,433,284,851,128,96,179,57,120,0,0,990,46,118,52,57,41,161,53,119,318,98,300,383,61,36,126,19,27,248,28,32,30,47,58,55,227,41,69,121,74,34,25,0,11,3,154,19,110,3,42,59,12,139,96,5,55,22,12,0,85,65,35,80,20,0,63,40,48,9,0,116,91,98,40,25,14,4,28,18,22,4,109,35,31,59,74,44,134,146,13,64,2,5,0,23,8,46,92,48,15,0,52,207,35,16,64,92,59,0,27,0
第八十三回,2240,1054,435,284,851,128,96,188,57,120,0,0,990,46,118,52,57,41,161,53,119,323,98,302,383,61,36,126,19,27,248,28,32,30,47,58,55,227,41,69,121,74,34,35,0,11,3,154,19,110,3,42,59,12,139,96,5,55,22,12,0,85,65,35,80,20,0,63,40,63,9,0,116,91,103,40,25,14,4,28,18,22,4,109,35,31,59,74,44,134,146,13,64,2,5,0,23,8,46,92,48,15,0,52,209,35,16,64,94,59,0,27,0
第八十四回,2249,1054,435,288,866,128,96,188,57,120,0,0,990,46,118,52,57,41,161,53,119,323,98,303,383,61,36,126,19,27,248,28,32,30,47,58,55,227,41,69,121,74,34,42,0,11,3,154,19,110,3,42,59,12,141,96,5,56,22,14,2,85,65,35,80,20,0,63,40,66,9,0,116,91,103,40,25,14,4,28,18,22,4,109,35,31,59,74,44,134,146,13,64,2,5,0,23,8,46,92,48,15,0,52,209,35,16,64,94,59,0,27,0
第八十五回,2253,1056,437,291,907,128,96,188,57,121,0,0,990,46,118,52,60,41,162,53,119,326,98,310,383,61,36,126,19,27,248,28,32,30,47,58,55,229,41,69,121,74,34,43,0,11,3,154,22,110,6,42,59,12,147,96,5,64,22,16,10,85,65,35,80,20,0,63,40,66,9,0,116,91,103,42,25,15,4,28,18,22,4,109,35,31,59,74,44,134,146,13,64,2,5,0,23,8,46,92,48,15,0,52,209,35,16,64,94,59,0,27,4
第八十六回,2253,1056,437,295,927,128,96,188,57,122,0,0,990,46,119,52,61,41,165,53,119,326,98,314,383,61,36,126,19,27,248,28,32,30,47,58,55,231,41,69,122,74,34,43,0,11,3,154,24,110,6,42,59,12,148,96,5,79,22,17,15,85,65,35,80,20,0,63,40,66,9,0,116,91,103,42,25,17,4,28,18,22,4,109,35,31,59,74,44,134,148,13,64,2,5,0,23,8,46,92,48,15,0,52,209,35,16,64,94,59,0,27,6
第八十七回,2253,1057,437,315,1002,128,96,188,57,145,0,0,990,46,119,52,61,41,165,53,119,326,98,315,383,61,36,126,19,27,248,28,32,30,47,58,55,232,41,69,122,74,34,44,5,11,3,154,24,110,6,42,59,12,148,96,5,82,22,17,15,85,65,35,80,20,0,63,40,66,9,0,116,91,103,42,25,17,5,28,18,22,4,109,35,31,59,74,44,134,148,13,64,2,5,0,23,8,46,92,48,15,0,52,209,35,16,64,94,59,0,27,22
第八十八回,2253,1057,437,319,1064,128,96,188,57,149,0,0,991,46,119,52,61,41,165,53,119,326,98,316,383,61,36,126,19,27,248,28,32,30,47,58,55,232,60,69,122,74,34,44,6,11,3,154,24,110,6,42,59,12,148,96,5,82,22,17,15,85,65,35,80,20,0,63,40,66,9,0,116,91,103,42,25,17,8,28,18,22,4,109,35,31,59,74,44,134,148,13,64,2,5,0,23,8,46,92,48,15,0,52,209,35,16,64,94,59,0,27,74
第八十九回,2253,1057,437,322,1132,128,96,188,57,153,0,0,991,46,119,52,61,41,165,53,119,326,98,316,383,61,36,126,19,27,248,28,32,30,47,58,55,232,62,69,122,74,34,44,6,11,3,154,24,110,6,42,59,12,148,96,5,82,22,17,15,85,65,35,80,20,0,63,40,66,9,0,116,91,103,42,25,17,9,28,18,22,4,109,35,31,59,74,44,134,148,13,64,2,5,0,23,8,46,92,48,15,0,52,209,35,16,64,94,59,0,27,109
第九十回,2253,1057,437,335,1201,128,96,188,57,183,0,0,991,46,119,52,61,41,165,53,119,326,98,316,383,61,36,126,19,27,248,28,32,30,47,58,55,232,70,69,122,74,34,44,17,11,3,154,24,110,6,42,59,12,148,96,5,82,22,17,15,85,65,35,80,20,0,63,40,66,9,0,116,91,103,42,25,17,9,28,18,22,4,109,35,31,59,74,44,134,148,13,64,2,5,0,23,8,46,92,48,15,0,52,209,35,16,64,94,59,0,27,156
第九十一回,2253,1057,437,338,1243,128,96,189,57,184,0,0,992,46,119,52,61,41,165,53,119,328,98,316,383,61,36,126,19,27,249,28,32,30,47,58,55,234,72,69,122,74,34,45,18,11,3,154,24,110,6,42,59,12,148,96,5,84,23,23,21,85,65,35,80,20,1,63,40,66,9,0,117,93,103,42,25,38,10,28,18,22,4,109,35,31,59,74,44,134,148,13,64,2,5,0,23,8,46,92,48,15,2,52,209,36,16,64,94,59,0,27,161
第九十二回,2253,1057,437,372,1277,128,96,189,57,192,3,0,992,46,119,52,61,42,165,53,119,328,98,316,383,61,36,126,19,27,249,28,32,30,47,58,55,235,73,69,122,74,34,56,18,11,3,154,24,110,6,42,59,12,148,96,5,84,23,23,21,85,65,35,80,20,1,63,40,66,9,9,117,93,103,42,25,38,10,28,18,22,4,109,35,31,59,74,44,134,148,13,64,2,5,0,23,8,46,92,48,15,2,52,209,36,16,64,94,59,0,27,161
第九十三回,2253,1057,437,386,1331,128,96,189,57,202,46,0,992,46,119,52,61,42,165,53,119,330,98,316,384,61,36,128,19,27,250,28,32,30,47,58,55,235,75,69,122,74,34,61,20,11,3,155,24,110,6,42,59,12,148,96,5,84,23,23,34,85,65,35,80,20,1,63,40,66,9,9,117,93,103,42,25,38,10,28,18,22,4,110,35,31,59,74,44,134,148,13,64,2,5,0,23,8,46,92,48,15,2,52,209,36,16,64,94,59,0,27,161
第九十四回,2253,1059,437,388,1372,128,96,189,57,205,55,0,993,46,119,52,61,42,165,53,119,331,98,316,384,61,36,128,19,27,250,28,32,30,47,58,55,235,85,69,124,74,34,71,20,11,3,155,24,110,6,42,59,12,148,96,5,84,23,23,41,85,65,35,80,20,1,63,40,66,9,9,117,93,103,42,25,65,10,28,18,22,4,110,35,31,59,74,44,134,154,13,64,2,5,0,23,8,46,92,48,15,2,52,209,36,16,64,94,59,0,27,161
第九十五回,2253,1059,437,398,1417,128,96,189,57,215,59,0,993,46,119,52,61,42,165,53,119,331,98,316,384,61,36,128,19,27,250,28,32,30,47,58,55,235,88,69,142,74,34,74,20,11,3,155,24,110,6,42,59,12,148,96,5,84,23,23,49,85,65,35,80,20,3,63,40,66,9,9,117,93,103,42,25,95,10,28,18,22,4,110,35,31,59,74,44,134,154,13,64,2,5,0,23,8,46,92,48,15,2,52,209,36,16,64,94,59,0,27,161
第九十六回,2253,1059,437,405,1445,128,96,189,57,219,61,0,993,46,119,52,61,42,165,53,119,332,98,318,384,61,36,128,19,27,250,28,32,30,47,58,55,235,88,69,143,75,34,75,20,11,3,155,24,110,6,42,59,12,148,96,5,84,23,47,49,85,65,35,80,20,3,63,40,66,9,9,117,93,103,43,25,102,13,28,18,22,4,110,35,31,59,74,44,134,154,13,64,2,5,0,23,8,46,92,48,15,2,52,209,36,16,64,94,59,0,28,161
第九十七回,2253,1061,437,411,1496,128,96,189,57,225,71,0,996,46,119,52,61,42,165,53,119,334,98,319,385,61,36,128,19,27,250,28,32,30,47,58,55,235,90,69,144,75,34,77,27,11,3,155,24,110,6,42,59,12,148,96,5,85,23,49,62,85,65,35,80,20,4,63,40,66,9,9,117,93,103,43,25,107,13,28,18,22,4,110,35,31,59,74,44,134,154,13,64,2,5,0,23,8,46,92,48,15,2,52,209,40,16,64,94,59,0,28,161
第九十八回,2253,1061,437,411,1535,128,96,189,57,239,79,0,996,46,119,52,61,42,166,55,120,335,98,324,385,61,36,128,19,27,250,28,32,30,47,58,55,235,93,69,154,75,34,81,29,11,3,155,24,110,6,42,59,12,148,96,5,85,23,49,78,85,65,35,80,20,5,63,40,66,9,9,117,93,103,47,25,120,14,28,18,22,4,110,35,31,59,74,44,134,154,13,64,2,5,0,23,8,46,92,48,15,2,53,209,40,16,64,94,59,0,29,161
第九十九回,2253,1061,439,411,1596,128,96,189,57,241,83,0,996,46,119,52,61,42,166,55,120,336,98,324,385,61,36,128,19,27,250,28,32,30,47,58,55,235,93,69,169,75,34,85,32,11,3,155,28,110,6,42,59,12,148,96,5,85,23,49,88,85,65,35,80,20,5,63,40,66,9,9,117,93,103,47,25,149,14,28,18,22,4,110,35,31,59,74,44,134,154,13,64,2,5,0,23,8,46,92,48,15,2,53,209,42,16,64,94,59,0,29,161
第一百回,2253,1061,439,411,1655,128,96,189,57,250,86,0,996,46,119,52,61,42,166,55,120,336,98,324,385,61,36,128,19,27,250,28,32,30,47,58,55,235,97,69,169,75,34,85,36,11,3,155,28,110,6,42,59,12,148,96,5,85,23,49,111,85,65,35,80,20,7,63,40,66,9,9,117,93,103,47,25,168,15,28,18,22,4,110,35,31,59,74,44,134,154,13,64,2,5,0,23,8,46,92,48,15,2,53,209,48,16,64,94,59,0,29,161
第一百零一回,2253,1061,439,411,1720,128,96,189,57,261,92,0,996,46,119,52,61,42,166,55,120,336,98,324,385,61,36,128,19,27,250,28,32,30,47,58,55,235,102,69,184,75,34,85,39,11,3,155,28,110,6,42,59,12,148,96,5,85,23,49,112,85,65,35,80,20,11,63,40,66,9,9,117,93,103,47,25,189,17,28,18,22,4,110,35,31,59,74,44,134,154,13,64,2,5,0,23,8,46,92,48,15,2,53,209,48,16,64,94,59,0,29,161
第一百零二回,2253,1061,439,411,1784,128,96,189,57,272,97,0,996,46,119,52,61,42,166,55,120,337,98,326,385,61,36,128,19,27,250,28,32,30,47,58,55,235,111,69,184,75,34,85,48,11,3,155,28,110,6,42,59,12,148,96,5,85,23,49,112,85,65,35,80,20,12,63,40,66,9,9,117,94,103,48,25,215,17,28,18,22,4,110,35,31,59,74,44,134,154,13,64,2,5,0,23,8,46,92,48,15,2,53,209,51,16,64,94,59,0,29,161
第一百零三回,2253,1061,439,411,1832,128,96,189,57,286,104,0,996,46,119,52,61,42,166,55,120,337,98,328,385,61,36,128,19,27,250,28,32,30,47,58,55,235,114,69,184,75,34,85,49,11,3,155,28,110,6,42,59,12,148,96,5,85,23,49,112,85,65,35,80,20,12,63,40,66,9,9,117,94,105,51,25,254,17,28,18,22,4,110,35,31,59,74,44,134,154,13,64,2,5,0,23,8,46,92,48,15,2,53,209,57,16,64,94,59,0,35,161
第一百零四回,2253,1061,439,411,1874,128,96,189,57,303,118,0,996,46,119,52,61,42,166,55,120,337,98,328,385,61,36,128,19,27,250,28,32,30,47,58,55,235,116,69,184,75,34,85,50,11,3,155,28,110,6,42,59,12,148,96,5,85,23,49,112,85,65,35,80,20,27,63,40,66,9,9,117,94,105,51,25,264,17,28,18,22,4,110,35,31,59,74,44,134,154,13,64,2,5,0,23,8,46,92,48,15,2,53,209,58,16,64,94,59,0,35,161
第一百零五回,2253,1061,439,411,1880,128,96,189,57,338,128,0,996,46,119,52,61,42,166,55,120,337,98,330,385,61,36,128,19,27,250,28,32,30,47,58,55,235,127,69,184,75,34,85,51,11,3,155,28,110,6,42,59,12,148,96,5,85,23,49,112,85,65,35,80,20,56,63,40,66,9,9,117,94,105,51,25,265,23,28,18,22,4,110,35,31,59,74,44,134,154,13,64,2,5,0,23,8,46,92,48,15,2,53,209,58,16,64,94,59,0,35,161
第一百零六回,2255,1061,439,411,1884,128,96,189,57,338,128,0,997,46,119,52,61,42,166,55,120,337,98,331,385,61,36,128,19,27,250,28,32,32,47,58,55,235,127,69,184,75,34,85,51,11,3,155,28,110,7,42,59,12,148,96,5,86,23,49,114,85,65,35,80,20,56,63,40,66,9,9,117,94,105,51,25,294,23,28,18,22,4,110,35,31,59,74,44,134,154,13,64,2,5,0,23,8,46,92,48,15,2,53,209,58,16,64,94,59,0,35,161
第一百零七回,2255,1061,439,411,1885,128,96,189,57,338,140,1,997,46,119,52,61,42,166,55,120,338,98,331,385,61,36,128,19,27,250,28,32,32,47,58,55,235,127,69,184,75,34,85,51,11,3,155,28,110,7,42,59,12,148,96,5,86,23,49,115,85,65,35,80,20,56,63,40,66,9,9,117,94,105,51,25,319,24,28,18,22,4,110,35,31,59,74,44,134,154,13,64,2,5,0,23,8,46,92,48,15,2,53,209,58,16,64,94,59,0,35,161
第一百零八回,2255,1061,439,411,1885,128,96,189,57,338,147,1,997,46,119,52,61,42,166,56,120,339,98,336,385,61,36,128,19,27,250,28,32,32,47,58,55,235,127,69,184,75,34,85,51,11,3,155,28,110,7,42,59,12,148,96,5,86,23,49,115,85,65,35,80,20,56,63,40,66,9,9,117,94,105,53,25,321,24,28,18,22,4,110,35,31,59,74,44,134,154,13,64,2,5,0,23,8,46,92,48,15,2,53,209,58,16,64,94,59,0,35,161
第一百零九回,2255,1061,439,411,1885,128,96,189,57,338,159,1,997,46,119,52,61,42,166,56,120,340,98,336,385,61,36,129,19,27,250,28,32,32,47,58,55,235,127,69,184,75,34,85,52,11,3,155,28,110,7,42,59,12,148,96,5,86,23,49,115,85,65,35,80,20,56,63,40,66,9,9,117,94,105,53,25,323,24,28,18,22,4,110,35,31,59,74,44,134,154,13,64,2,5,0,23,8,46,92,48,15,2,53,209,63,16,64,94,59,0,35,161
第一百一十回,2255,1064,439,412,1885,128,96,189,57,338,169,14,997,46,119,52,61,42,166,56,120,340,98,337,385,61,36,129,19,27,250,28,32,32,47,58,55,235,127,69,184,75,34,85,52,11,3,155,28,110,7,42,59,12,148,96,5,86,23,49,115,85,65,35,80,20,56,63,40,66,9,9,117,94,106,53,25,324,24,28,18,22,4,110,35,31,59,74,44,134,154,13,64,2,5,9,23,8,46,92,48,15,2,53,209,63,16,64,94,59,0,35,161
第一百一十一回,2255,1064,439,412,1886,128,96,189,57,338,183,32,997,46,119,52,61,42,166,56,120,341,98,337,385,61,36,129,19,27,250,28,32,32,47,58,55,235,127,69,184,75,34,85,54,11,3,155,28,110,7,42,59,12,148,96,5,86,23,49,115,85,65,35,80,20,56,63,40,66,9,9,117,94,106,53,25,324,24,28,18,22,4,110,35,31,59,74,44,134,154,13,64,2,5,10,23,8,46,92,48,15,2,54,209,63,16,64,94,59,0,35,161
第一百一十二回,2255,1064,439,412,1886,128,96,189,57,338,194,36,997,46,119,52,61,42,166,56,120,341,98,337,385,61,36,129,19,27,250,28,32,32,47,58,55,235,127,69,184,75,34,85,54,11,3,155,28,110,7,42,59,12,148,96,5,86,23,49,115,86,66,35,80,20,56,63,40,66,9,9,117,94,106,53,25,324,24,28,18,22,4,110,35,31,59,74,44,134,154,13,64,2,5,14,23,8,46,92,48,15,2,54,209,63,16,64,94,59,0,35,161
第一百一十三回,2255,1064,439,412,1887,128,96,189,57,338,214,54,997,46,119,52,61,42,166,56,120,341,98,338,385,61,36,129,19,27,250,28,32,32,47,58,55,235,127,69,184,75,34,85,54,11,3,155,28,110,9,42,59,12,148,96,5,86,23,49,115,86,66,35,80,20,56,63,40,66,9,9,117,94,106,53,25,324,24,28,18,22,4,110,35,31,59,74,44,134,154,13,64,2,5,14,23,8,46,92,48,15,2,54,209,68,16,64,94,59,0,35,161
第一百一十四回,2255,1064,439,412,1887,128,96,189,57,338,230,71,999,46,119,52,61,42,166,56,120,341,98,338,385,61,36,129,19,27,250,28,32,32,47,58,55,235,127,69,184,75,34,85,54,11,3,155,28,110,9,42,59,12,148,96,5,86,23,49,115,86,66,35,80,20,56,63,40,66,9,9,117,94,106,53,25,324,24,28,18,22,4,110,35,31,59,74,44,134,154,13,64,2,5,14,23,8,46,92,48,15,2,54,209,72,16,64,94,59,0,35,161
第一百一十五回,2255,1064,439,412,1888,128,96,189,57,338,260,94,999,46,119,52,61,42,166,56,120,341,98,338,385,61,36,129,19,27,250,28,32,32,47,58,55,235,127,69,184,75,34,85,54,11,3,155,28,110,11,42,59,12,148,96,5,86,23,49,115,86,66,35,80,20,56,63,40,66,9,9,117,94,106,53,25,324,24,28,18,22,4,110,35,31,59,74,44,134,154,13,64,2,5,14,23,8,46,92,48,15,2,54,209,74,16,64,94,59,0,35,161
第一百一十六回,2255,1064,439,412,1888,128,96,189,57,338,274,102,999,46,121,52,61,42,166,56,120,341,98,338,385,61,36,129,19,27,250,28,32,32,47,58,55,235,127,69,184,75,34,85,54,11,3,155,28,110,11,42,59,12,148,96,5,86,23,49,115,86,66,35,80,20,56,63,40,66,9,9,117,95,106,53,25,324,24,28,18,22,4,110,35,31,59,74,44,134,154,13,64,2,5,14,23,8,46,92,48,15,2,54,209,77,16,64,94,59,0,35,161
第一百一十七回,2255,1064,439,412,1894,128,96,189,57,338,282,127,999,46,121,52,61,42,166,56,120,341,98,338,385,61,36,129,19,27,250,28,32,32,47,58,55,235,127,69,184,75,34,85,54,11,3,155,28,111,12,42,59,12,148,96,5,86,23,49,115,86,66,35,80,20,56,63,40,66,9,9,117,95,107,53,25,324,24,28,18,22,4,110,35,31,59,74,44,134,154,13,64,2,5,14,23,8,46,92,48,16,2,54,209,78,16,64,94,59,0,35,161
第一百一十八回,2255,1065,439,412,1894,128,96,189,57,338,295,148,999,46,121,52,61,42,166,56,120,341,98,338,385,61,36,129,19,27,250,28,32,32,47,58,55,235,127,69,184,75,34,85,54,11,3,155,28,111,13,42,59,12,148,96,5,86,23,49,115,86,66,35,80,20,56,63,40,66,9,9,117,95,107,53,25,324,24,28,18,22,4,110,35,31,59,74,44,134,154,13,64,2,5,14,23,8,46,92,48,16,2,54,209,79,16,64,94,59,0,35,161
第一百一十九回,2256,1066,439,412,1896,128,96,189,57,338,310,162,1002,46,121,52,61,42,166,56,120,341,98,338,385,61,36,129,19,27,250,28,32,32,47,58,55,235,127,69,184,75,34,85,54,11,3,155,28,111,13,42,59,12,148,96,5,89,23,49,115,86,66,35,80,20,56,63,40,66,9,9,117,95,107,53,25,327,24,28,18,22,4,110,35,31,59,74,44,134,154,13,64,2,5,14,23,8,46,92,48,16,2,54,209,80,16,64,94,59,0,35,161
第一百二十回,2257,1066,439,412,1898,128,96,189,57,338,311,163,1003,46,121,52,61,42,166,57,121,342,98,339,385,61,37,130,19,27,251,28,32,32,47,58,56,235,127,70,184,76,34,85,54,12,3,156,28,111,16,42,59,12,148,96,5,89,23,49,115,87,67,35,80,20,56,63,40,66,9,9,117,95,107,53,25,327,24,28,18,22,4,111,36,31,59,74,45,134,154,13,64,2,5,14,23,8,47,92,48,16,2,54,209,80,16,64,94,59,0,35,161
