章节,宋江,卢俊义,吴用,公孙胜,关胜,林冲,秦明,呼延灼,花荣,柴进,李应,朱仝,鲁智深,武松,董平,张清,杨志,徐宁,索超,戴宗,刘唐,李逵,史进,穆弘,雷横,李俊,阮小二,张横,阮小五,张顺,阮小七,杨雄,石秀,解珍,解宝,燕青,朱武,黄信,孙立,宣赞,郝思文,韩滔,彭玘,单廷珪,魏定国,萧让,裴宣,欧鹏,邓飞,燕顺,杨林,凌振,蒋敬,吕方,郭盛,安道全,皇甫端,王英,扈三娘,鲍旭,樊瑞,孔明,孔亮,项充,李衮,金大坚,马麟,童威,童猛,孟康,侯健,陈达,杨春,郑天寿,陶宗旺,宋清,乐和,龚旺,丁得孙,穆春,曹正,宋万,杜迁,薛永,施恩,李忠,周通,汤隆,杜兴,邹渊,邹润,朱贵,朱富,蔡福,蔡庆,李立,李云,焦挺,石勇,孙新,顾大嫂,张青,孙二娘,王定六,郁保四,白胜,时迁,段景住,晁盖,高俅,蔡京,童贯,杨戬,宿元景,王进,刘光世,陆谦,西门庆,王婆,蒋忠,方腊,庞万春,李师师,武大郎,潘金莲,潘巧云,王伦,徽宗
第一回,0,0,0,0,0,0,0,0,0,0,0,0,0,0,0,0,0,0,0,0,0,0,81,0,0,0,0,0,0,0,0,0,0,0,0,0,27,0,0,0,0,0,0,0,0,0,0,0,0,0,0,0,0,0,0,0,0,0,0,0,0,0,0,0,0,0,0,0,0,0,0,28,17,0,0,0,0,0,0,0,0,0,0,0,0,0,0,0,0,0,0,0,0,0,0,0,0,0,0,0,0,0,0,0,0,0,0,0,0,53,0,0,0,0,65,0,0,0,0,0,0,0,0,0,0,0,0,2
第二回,0,0,0,0,0,0,0,0,0,0,0,0,29,0,0,0,0,0,0,0,0,0,125,0,0,0,0,0,0,0,0,0,0,0,0,0,36,0,0,0,0,0,0,0,0,0,0,0,0,0,0,0,0,0,0,0,0,0,0,0,0,0,0,0,0,0,0,0,0,0,0,30,19,0,0,0,0,0,0,0,0,0,0,0,0,12,0,0,0,0,0,0,0,0,0,0,0,0,0,0,0,0,0,0,0,0,0,0,0,54,0,0,0,0,68,0,0,0,0,0,0,0,0,0,0,0,0,2
第三回,0,0,0,0,0,0,0,0,0,0,0,0,54,0,0,0,0,0,0,0,0,0,125,0,0,0,0,0,0,0,0,0,0,0,0,0,36,0,0,0,0,0,0,0,0,0,0,0,0,0,0,0,0,0,0,0,0,0,0,0,0,0,0,0,0,0,0,0,0,0,0,30,19,0,0,0,0,0,0,0,0,0,0,0,0,12,0,0,0,0,0,0,0,0,0,0,0,0,0,0,0,0,0,0,0,0,0,0,0,54,0,0,0,0,68,0,0,0,0,0,0,0,0,0,0,0,0,2
第四回,0,0,0,0,0,0,0,0,0,0,0,0,98,0,0,0,0,0,0,0,0,0,127,0,0,0,0,0,0,0,0,0,0,0,0,0,36,0,0,0,0,0,0,0,0,0,0,0,0,0,0,0,0,0,0,0,0,0,0,0,0,0,0,0,0,0,0,0,0,0,0,30,19,0,0,0,0,0,0,0,0,0,0,0,0,32,19,0,0,0,0,0,0,0,0,0,0,0,0,0,0,0,0,0,0,0,0,0,0,54,0,0,0,0,68,0,0,0,0,0,0,0,0,0,0,0,0,2
第五回,0,0,0,0,0,0,0,0,0,0,0,0,105,0,0,0,0,0,0,0,0,0,147,0,0,0,0,0,0,0,0,0,0,0,0,0,37,0,0,0,0,0,0,0,0,0,0,0,0,0,0,0,0,0,0,0,0,0,0,0,0,0,0,0,0,0,0,0,0,0,0,30,19,0,0,0,0,0,0,0,0,0,0,0,0,32,19,0,0,0,0,0,0,0,0,0,0,0,0,0,0,0,0,0,0,0,0,0,0,54,0,0,0,0,69,0,0,0,0,0,0,0,0,0,0,0,0,2
第六回,0,0,0,0,0,90,0,0,0,0,0,0,108,0,0,0,0,0,0,0,0,0,147,0,0,0,0,0,0,0,0,0,0,0,0,0,37,0,0,0,0,0,0,0,0,0,0,0,0,0,0,0,0,0,0,0,0,0,0,0,0,0,0,0,0,0,0,0,0,0,0,30,19,0,0,0,0,0,0,0,0,0,0,0,0,32,19,0,0,0,0,0,0,0,0,0,0,0,0,0,0,0,0,0,0,0,0,0,0,67,0,0,0,0,69,0,10,0,1,0,0,0,0,0,0,0,0,2
第七回,0,0,0,0,0,174,0,0,0,0,0,0,109,0,0,0,0,0,0,0,0,0,147,0,0,0,0,0,0,0,0,0,0,0,0,0,37,0,0,0,0,0,0,0,0,0,0,0,0,0,0,0,0,0,0,0,0,0,0,0,0,0,0,0,0,0,0,0,0,0,0,30,19,0,0,0,0,0,0,0,0,0,0,0,0,32,19,0,0,0,0,0,0,0,0,0,0,0,0,0,0,0,0,0,0,0,0,0,0,77,0,0,0,0,69,0,13,0,1,0,0,0,0,0,0,0,0,2
第八回,0,0,0,0,0,282,0,0,0,46,0,0,119,0,0,0,0,0,0,0,0,0,147,0,0,0,0,0,0,0,0,0,0,0,0,0,37,0,0,0,0,0,0,0,0,0,0,0,0,0,0,0,0,0,0,0,0,0,0,0,0,0,0,0,0,0,0,0,0,0,0,30,19,0,0,0,0,0,0,0,0,0,0,0,0,32,19,0,0,0,0,0,0,0,0,0,0,0,0,0,0,0,0,0,0,0,0,0,0,83,0,0,0,0,69,0,14,0,1,0,0,0,0,0,0,0,0,2
第九回,0,0,0,0,0,359,0,0,0,46,0,0,119,0,0,0,0,0,0,0,0,0,147,0,0,0,0,0,0,0,0,0,0,0,0,0,37,0,0,0,0,0,0,0,0,0,0,0,0,0,0,0,0,0,0,0,0,0,0,0,0,0,0,0,0,0,0,0,0,0,0,30,19,0,0,0,0,0,0,0,0,0,0,0,0,32,19,0,0,0,0,0,0,0,0,0,0,0,0,0,0,0,0,0,0,0,0,0,0,86,0,0,0,0,69,0,17,0,1,0,0,0,0,0,0,0,0,2
第十回,0,0,0,0,0,451,0,0,0,67,0,0,119,0,0,0,0,0,0,0,0,0,147,0,0,0,0,0,0,0,0,0,0,0,0,0,37,0,0,0,0,0,0,0,0,0,0,0,0,0,0,0,0,0,0,0,0,0,0,0,0,0,0,0,0,0,0,0,0,0,0,30,19,0,0,0,0,0,0,0,0,5,6,0,0,32,19,0,0,0,0,15,0,0,0,0,0,0,0,0,0,0,0,0,0,0,0,0,0,89,0,0,0,0,69,0,17,0,1,0,0,0,0,0,0,0,15,2
第十一回,0,0,0,0,0,463,0,0,0,67,0,0,119,0,0,0,78,0,0,0,0,0,147,0,0,0,0,0,0,0,0,0,0,0,0,0,37,0,0,0,0,0,0,0,0,0,0,0,0,0,0,0,0,0,0,0,0,0,0,0,0,0,0,0,0,0,0,0,0,0,0,30,19,0,0,0,0,0,0,0,0,7,8,0,0,32,19,0,0,0,0,18,0,0,0,0,0,0,0,0,0,0,0,0,0,0,0,0,0,95,1,0,0,0,69,0,17,0,1,0,0,0,0,0,0,0,27,3
第十二回,0,0,0,0,0,463,0,0,0,67,0,2,119,0,0,0,129,0,17,0,0,0,147,0,5,0,0,0,0,0,0,0,0,0,0,0,37,0,0,0,0,0,0,0,0,0,0,0,0,0,0,0,0,0,0,0,0,0,0,0,0,0,0,0,0,0,0,0,0,0,0,30,19,0,0,0,0,0,0,0,0,7,8,0,0,32,19,0,0,0,0,18,0,0,0,0,0,0,0,0,0,0,0,0,0,0,0,0,0,95,1,0,0,0,69,0,17,0,1,0,0,0,0,0,0,0,27,3
第十三回,0,0,15,0,0,463,0,0,0,67,0,2,119,0,0,0,129,0,17,0,26,0,147,0,44,0,0,0,0,0,0,0,0,0,0,0,37,0,0,0,0,0,0,0,0,0,0,0,0,0,0,0,0,0,0,0,0,0,0,0,0,0,0,0,0,0,0,0,0,0,0,30,19,0,0,0,0,0,0,0,0,7,8,0,0,32,19,0,0,0,0,18,0,0,0,0,0,0,0,0,0,0,0,0,0,0,0,0,48,95,1,0,0,0,69,0,17,0,1,0,0,0,0,0,0,0,27,3
第十四回,0,0,71,6,0,466,0,0,0,67,0,2,119,0,0,0,129,0,17,0,30,0,147,0,44,0,30,0,19,0,23,0,0,0,0,0,37,0,0,0,0,0,0,0,0,0,0,0,0,0,0,0,0,0,0,0,0,0,0,0,0,0,0,0,0,0,0,0,0,0,0,30,19,0,0,0,0,0,0,0,0,8,9,0,0,32,19,0,0,0,0,19,0,0,0,0,0,0,0,0,0,0,0,0,0,0,0,0,76,95,1,0,0,0,69,0,17,0,1,0,0,0,0,0,0,0,31,3
第十五回,0,0,88,14,0,466,0,0,0,67,0,2,119,0,0,0,200,0,17,0,37,0,147,0,44,0,31,0,20,0,24,0,0,0,0,0,37,0,0,0,0,0,0,0,0,0,0,0,0,0,0,0,0,0,0,0,0,0,0,0,0,0,0,0,0,0,0,0,0,0,0,30,19,0,0,0,0,0,0,0,0,8,9,0,0,32,19,0,0,0,0,19,0,0,0,0,0,0,0,0,0,0,0,0,0,5,0,0,89,95,1,0,0,0,69,0,17,0,1,0,0,0,0,0,0,0,31,3
第十六回,0,0,88,14,0,472,0,0,0,67,0,2,139,0,0,0,257,0,17,0,37,0,147,0,44,0,31,0,20,0,24,0,0,0,0,0,37,0,0,0,0,0,0,0,0,0,0,0,0,0,0,0,0,0,0,0,0,0,0,0,0,0,0,0,0,0,0,0,0,0,0,30,19,0,0,0,0,0,0,0,26,8,9,0,0,32,19,0,0,0,0,19,0,0,0,0,0,0,0,0,0,1,1,0,0,5,0,0,89,98,1,0,0,0,69,0,17,0,1,0,0,0,0,0,0,0,34,3
第十七回,38,0,101,24,0,472,0,0,0,67,0,24,139,0,0,0,257,0,17,0,45,0,147,0,56,0,33,0,22,0,26,0,0,0,0,0,37,0,0,0,0,0,0,0,0,0,0,0,0,0,0,0,0,0,0,0,0,0,0,0,0,0,0,0,0,0,0,0,0,0,0,30,19,0,0,1,0,0,0,0,26,8,9,0,0,32,19,0,0,0,0,19,0,0,0,0,0,0,0,0,0,1,1,0,0,26,0,0,133,98,1,0,0,0,69,0,17,0,1,0,0,0,0,0,0,0,34,3
第十八回,38,0,130,30,0,513,0,0,0,68,0,24,139,0,0,0,257,0,17,0,51,0,147,0,56,0,42,0,33,0,37,0,0,0,0,0,37,0,0,0,0,0,0,0,0,0,0,0,0,0,0,0,0,0,0,0,0,0,0,0,0,0,0,0,0,0,0,0,0,0,0,30,19,0,0,1,0,0,0,0,26,14,16,0,0,32,19,0,0,0,0,31,0,0,0,0,0,0,0,0,0,1,1,0,0,26,0,0,173,100,2,0,0,0,69,0,17,0,1,0,0,0,0,0,0,0,65,3
第十九回,97,0,140,35,0,536,0,0,0,68,0,25,139,0,0,0,257,0,17,0,78,0,147,0,56,0,44,0,35,0,39,0,0,0,0,0,37,0,0,0,0,0,0,0,0,0,0,0,0,0,0,0,0,0,0,0,0,0,0,0,0,0,0,0,0,0,0,0,0,0,0,30,19,0,0,1,0,0,0,0,26,20,21,0,0,32,19,0,0,0,0,34,0,0,0,0,0,0,0,0,0,1,1,0,0,28,0,0,208,101,2,0,0,0,69,0,17,0,6,0,0,0,0,0,0,0,71,3
第二十回,204,0,140,35,0,536,0,0,0,68,0,25,139,0,0,0,257,0,17,0,80,0,147,0,56,0,44,0,35,0,39,0,0,0,0,0,37,0,0,0,0,0,0,0,0,0,0,0,0,0,0,0,0,0,0,0,0,0,0,0,0,0,0,0,0,0,0,0,0,0,0,30,19,0,0,1,0,0,0,0,26,20,21,0,0,32,19,0,0,0,0,34,0,0,0,0,0,0,0,0,0,1,1,0,0,28,0,0,212,101,2,0,0,0,69,0,17,0,6,0,0,0,0,0,0,0,71,3
第二十一回,290,0,140,35,0,536,0,0,1,91,0,53,139,0,0,0,257,0,17,0,80,0,147,0,67,0,44,0,35,0,39,0,0,0,0,0,37,0,0,0,0,0,0,0,0,0,0,0,0,0,0,0,0,0,0,0,0,0,0,0,0,1,1,0,0,0,0,0,0,0,0,30,19,0,0,14,0,0,0,0,26,20,21,0,0,32,19,0,0,0,0,34,0,0,0,0,0,0,0,0,0,1,1,0,0,28,0,0,212,101,2,0,0,0,69,0,17,0,6,0,0,0,0,0,0,0,71,3
第二十二回,324,0,140,35,0,536,0,0,1,107,0,53,139,127,0,0,257,0,17,0,80,0,147,0,67,0,44,0,35,0,39,0,0,0,0,0,37,0,0,0,0,0,0,0,0,0,0,0,0,0,0,0,0,0,0,0,0,0,0,0,0,1,1,0,0,0,0,0,0,0,0,30,19,0,0,19,0,0,0,0,26,20,21,0,0,32,19,0,0,0,0,34,0,0,0,0,0,0,0,0,0,1,1,0,0,28,0,0,212,101,2,0,0,0,69,0,17,0,6,0,0,0,0,0,0,0,71,3
第二十三回,324,0,140,35,0,536,0,0,1,107,0,53,139,247,0,0,257,0,17,0,80,0,147,0,67,0,44,0,35,0,39,0,0,0,0,0,37,0,0,0,0,0,0,0,0,0,0,0,0,0,0,0,0,0,0,0,0,0,0,0,0,1,1,0,0,0,0,0,0,0,0,30,19,0,0,19,0,0,0,0,26,20,21,0,0,32,19,0,0,0,0,34,0,0,0,0,0,0,0,0,0,1,1,0,0,28,0,0,212,101,2,0,0,0,69,0,17,105,114,0,0,0,0,9,2,0,71,3
第二十四回,324,0,140,35,0,536,0,0,1,107,0,53,139,247,0,0,257,0,17,0,80,0,147,0,67,0,44,0,35,0,39,0,0,0,0,0,37,0,0,0,0,0,0,0,0,0,0,0,0,0,0,0,0,0,0,0,0,0,0,0,0,1,1,0,0,0,0,0,0,0,0,30,19,0,0,19,0,0,0,0,26,20,21,0,0,32,19,0,0,0,0,34,0,0,0,0,0,0,0,0,0,1,1,0,0,28,0,0,212,101,2,0,0,0,69,0,17,146,148,0,0,0,0,13,2,0,71,3
第二十五回,324,0,140,35,0,536,0,0,1,107,0,53,139,367,0,0,257,0,17,0,80,0,147,0,67,0,44,0,35,0,39,0,0,0,0,0,37,0,0,0,0,0,0,0,0,0,0,0,0,0,0,0,0,0,0,0,0,0,0,0,0,1,1,0,0,0,0,0,0,0,0,30,19,0,0,19,0,0,0,0,26,20,21,0,0,32,19,0,0,0,0,34,0,0,0,0,0,0,0,0,0,1,1,0,0,28,0,0,212,101,2,0,0,0,69,0,17,178,175,0,0,0,0,17,2,0,71,3
第二十六回,324,0,140,35,0,536,0,0,1,107,0,53,141,441,0,0,258,0,17,0,80,0,147,0,67,0,44,0,35,0,39,0,0,0,0,0,37,0,0,0,0,0,0,0,0,0,0,0,0,0,0,0,0,0,0,0,0,0,0,0,0,1,1,0,0,0,0,0,0,0,0,30,19,0,0,19,0,0,0,0,26,20,21,0,0,32,19,0,0,0,0,34,0,0,0,0,0,0,0,0,0,10,3,0,0,28,0,0,212,101,2,0,0,0,69,0,17,184,180,0,0,0,0,17,2,0,71,3
第二十七回,326,0,140,35,0,536,0,0,1,107,0,53,142,553,0,0,258,0,17,0,80,0,147,0,67,0,44,0,35,0,39,0,0,0,0,0,37,0,0,0,0,0,0,0,0,0,0,0,0,0,0,0,0,0,0,0,0,0,0,0,0,1,1,0,0,0,0,0,0,0,0,30,19,0,0,19,0,0,0,0,26,20,21,0,16,32,19,0,0,0,0,34,0,0,0,0,0,0,0,0,0,26,7,0,0,28,0,0,212,101,2,0,0,0,69,0,17,184,180,0,0,0,0,17,2,0,71,3
第二十八回,326,0,140,35,0,536,0,0,1,107,0,53,142,635,0,0,258,0,17,0,80,0,147,0,67,0,44,0,35,0,39,0,0,0,0,0,37,0,0,0,0,0,0,0,0,0,0,0,0,0,0,0,0,0,0,0,0,0,0,0,0,1,1,0,0,0,0,0,0,0,0,30,19,0,0,19,0,0,0,0,26,20,21,0,46,32,19,0,0,0,0,34,0,0,0,0,0,0,0,0,0,26,7,0,0,28,0,0,212,101,2,0,0,0,69,0,17,184,180,0,0,0,0,17,2,0,71,3
第二十九回,326,0,140,35,0,536,0,0,1,107,0,53,142,763,0,0,258,0,17,0,80,0,147,0,67,0,44,0,35,0,39,0,0,0,0,0,37,0,0,0,0,0,0,0,0,0,0,0,0,0,0,0,0,0,0,0,0,0,0,0,0,1,1,0,0,0,0,0,0,0,0,30,19,0,0,19,0,0,0,0,26,20,21,0,92,32,19,0,0,0,0,34,0,0,0,0,0,0,0,0,0,26,7,0,0,28,0,0,212,101,2,0,0,0,69,0,17,184,180,2,0,0,0,17,2,0,71,3
第三十回,326,0,140,35,0,536,0,0,1,107,0,53,143,857,0,0,259,0,17,0,80,0,147,0,67,0,44,0,35,0,39,0,0,0,0,0,37,0,0,0,0,0,0,0,0,0,0,0,0,0,0,0,0,0,0,0,0,0,0,0,0,1,1,0,0,0,0,0,0,0,0,30,19,0,0,19,0,0,0,0,26,20,21,0,99,32,19,0,0,0,0,34,0,0,0,0,0,0,0,0,0,50,17,0,0,28,0,0,212,101,2,0,0,0,69,0,17,184,180,2,0,0,0,17,2,0,71,3
第三十一回,350,0,140,35,0,536,0,0,2,107,0,53,147,889,0,0,260,0,17,0,80,0,147,0,67,0,44,0,35,0,39,0,0,0,0,0,37,0,0,0,0,0,0,0,0,0,0,0,0,0,0,0,0,0,0,0,0,0,0,0,0,7,8,0,0,0,0,0,0,0,0,30,19,0,0,21,0,0,0,0,26,20,21,0,100,32,19,0,0,0,0,34,0,0,0,0,0,0,0,0,0,53,19,0,0,28,0,0,212,101,2,0,0,0,69,0,17,186,180,2,0,0,0,17,2,0,71,3
第三十二回,411,0,140,35,0,536,0,0,82,107,0,53,147,890,0,0,260,0,17,0,80,0,147,0,67,0,44,0,35,0,39,0,0,0,0,0,37,30,0,0,0,0,0,0,0,0,0,0,0,1,0,0,0,0,0,0,0,0,0,0,0,7,8,0,0,0,0,0,0,0,0,30,19,0,0,22,0,0,0,0,26,20,21,0,100,32,19,0,0,0,0,34,0,0,0,0,0,0,0,0,0,53,19,0,0,28,0,0,212,101,2,0,0,0,69,0,17,186,180,2,0,0,0,17,2,0,71,4
第三十三回,450,0,140,35,0,536,98,0,122,107,0,53,147,890,0,0,260,0,17,0,80,0,147,0,67,0,44,0,35,0,39,0,0,0,0,0,37,62,0,0,0,0,0,0,0,0,0,0,0,12,0,0,0,0,0,0,0,3,0,0,0,7,8,0,0,0,0,0,0,0,0,30,19,2,0,22,0,0,0,0,26,20,21,0,100,32,19,0,0,0,0,34,0,0,0,0,0,0,0,0,0,53,19,0,0,28,0,0,212,101,2,0,0,0,69,0,17,186,180,2,0,0,0,17,2,0,71,4
第三十四回,533,0,142,36,0,542,113,0,156,108,0,55,147,890,0,0,260,0,17,0,84,0,147,0,69,0,45,0,36,0,40,0,0,0,0,0,37,70,0,0,0,0,0,0,0,0,0,0,0,48,0,0,0,6,5,0,0,4,0,0,0,7,8,0,0,0,0,0,0,0,0,30,19,7,0,29,0,0,0,0,26,22,23,0,100,32,19,0,0,0,0,42,0,0,0,0,0,0,17,0,0,53,19,0,0,31,0,0,219,101,2,0,0,0,69,0,17,186,180,2,0,0,0,17,2,0,71,4
第三十五回,633,0,146,38,0,542,113,0,159,108,0,55,147,890,0,0,260,0,17,1,91,0,147,0,69,11,45,0,36,0,40,0,0,0,0,0,37,70,0,0,0,0,0,0,0,0,0,0,0,48,0,0,0,6,5,0,0,4,0,0,0,7,8,0,0,0,0,3,3,0,0,30,19,7,0,32,0,0,0,0,26,22,23,0,100,32,19,0,0,0,0,42,0,0,0,5,0,0,20,0,0,53,19,0,0,32,0,0,224,101,2,0,0,0,69,0,17,186,180,2,0,0,0,17,2,0,71,4
第三十六回,745,0,146,38,0,542,113,0,159,108,0,55,147,890,0,0,260,0,17,1,91,0,147,10,69,32,45,11,36,5,40,0,0,0,0,0,37,70,0,0,0,0,0,0,0,0,0,0,0,48,0,0,0,6,5,0,0,4,0,0,0,7,8,0,0,0,0,8,8,0,0,30,19,7,0,32,0,0,0,4,26,22,23,10,100,32,19,0,0,0,0,42,0,0,0,6,0,0,20,0,0,53,19,0,0,32,0,0,224,101,3,0,0,0,69,0,17,186,180,2,0,0,0,17,2,0,71,4
第三十七回,835,0,147,38,0,542,113,0,159,108,0,55,147,890,0,0,260,0,17,58,91,100,147,11,69,33,45,13,36,32,40,0,0,0,0,0,37,70,0,0,0,0,0,0,0,0,0,0,0,48,0,0,0,6,5,0,0,4,0,0,0,7,8,0,0,0,0,8,8,0,0,30,19,7,0,32,0,0,0,4,26,22,23,10,100,32,19,0,0,0,0,42,0,0,0,6,0,0,20,0,0,53,19,0,0,32,0,0,224,101,3,0,0,0,69,0,17,186,180,2,0,0,0,17,2,0,71,4
第三十八回,914,0,156,39,0,542,113,0,159,108,0,55,147,890,0,0,260,0,17,129,91,114,147,11,69,33,45,14,36,42,40,0,0,0,0,0,37,70,0,0,0,0,0,0,0,16,0,0,0,48,0,0,0,6,5,0,0,4,0,0,0,7,8,0,0,14,0,8,8,0,0,30,19,8,0,32,0,0,0,4,26,23,25,10,100,32,19,0,0,0,0,63,0,0,0,6,0,0,20,0,0,53,19,0,0,32,0,0,232,101,9,0,0,0,69,0,17,186,180,2,0,0,0,17,2,0,71,4
第三十九回,944,0,157,39,0,542,113,0,163,108,0,55,147,890,0,0,260,0,17,168,92,122,147,12,69,34,46,15,37,47,42,0,0,0,0,0,37,72,0,0,0,0,0,0,0,16,0,0,0,49,0,0,0,8,7,0,0,4,0,0,0,7,8,0,0,15,0,9,9,0,0,30,19,9,0,32,0,0,0,5,26,24,26,11,100,32,19,0,0,0,0,65,0,0,0,7,0,0,21,0,0,53,19,0,0,33,0,0,253,101,10,0,0,0,69,0,17,186,180,2,0,0,0,17,2,0,71,4
第四十回,1029,0,159,41,0,545,116,0,174,108,0,55,147,890,0,0,260,0,17,179,97,142,147,24,69,44,49,21,40,56,45,0,0,0,0,0,37,77,0,0,0,0,0,0,0,18,0,1,0,53,0,0,1,13,12,0,0,4,0,0,0,7,8,0,0,17,1,14,13,0,9,30,19,13,1,32,0,0,0,9,26,30,34,26,100,32,19,0,0,0,0,73,0,0,0,11,0,0,29,0,0,53,19,0,0,44,0,0,279,101,10,0,0,0,69,0,17,186,180,2,0,0,0,17,2,0,71,4
第四十一回,1132,0,159,50,0,545,117,0,175,108,0,55,147,890,0,0,260,0,17,182,100,152,147,25,69,45,49,22,40,57,45,0,0,0,0,0,37,78,0,0,0,0,0,0,0,19,0,2,0,53,0,0,2,13,13,0,0,4,0,0,0,7,8,0,0,18,2,15,14,0,10,30,19,13,2,37,0,0,0,10,26,31,35,27,101,32,19,0,0,0,0,75,0,0,0,14,0,0,33,0,0,53,19,0,0,45,0,0,295,101,10,0,0,0,69,0,17,186,180,2,0,0,0,17,2,0,71,4
第四十二回,1145,0,159,50,0,545,117,0,175,108,0,55,147,890,0,0,260,0,17,184,100,282,147,25,69,45,49,22,40,57,45,0,0,0,0,0,37,78,0,0,0,0,0,0,0,19,0,2,0,53,0,0,2,13,13,0,0,4,0,0,0,7,8,0,0,18,2,15,14,0,12,30,19,13,2,37,0,0,0,10,26,31,36,27,101,32,19,0,0,0,0,104,21,0,0,14,15,0,35,0,0,53,19,0,0,45,0,0,297,101,10,0,0,0,69,0,17,186,180,2,0,0,0,17,2,0,71,4
第四十三回,1154,0,160,57,0,545,117,0,175,108,0,55,147,890,0,0,260,0,17,237,100,286,147,25,69,45,49,22,40,57,45,32,36,0,0,0,37,78,0,0,0,0,0,0,0,20,8,2,7,53,36,0,3,14,14,0,0,4,0,0,0,7,8,0,0,19,4,16,14,3,14,30,19,14,3,38,0,0,0,11,26,32,37,27,101,32,19,0,0,0,0,110,29,0,0,15,23,0,37,0,0,53,19,0,0,47,0,0,299,101,10,0,0,0,69,0,17,186,180,2,0,0,0,17,2,0,71,4
第四十四回,1154,0,160,57,0,545,117,0,175,108,0,55,147,890,0,0,260,0,17,237,100,286,147,25,69,45,49,22,40,57,45,85,100,0,0,0,37,78,0,0,0,0,0,0,0,20,8,2,7,53,36,0,3,14,14,0,0,4,0,0,0,7,8,0,0,19,4,16,14,3,14,30,19,14,3,38,0,0,0,11,26,32,37,27,101,32,19,0,0,0,0,110,29,0,0,15,23,0,37,0,0,53,19,0,0,47,0,0,299,101,10,0,0,0,69,0,17,186,180,2,0,0,0,17,2,1,71,4
第四十五回,1157,0,160,57,0,545,117,0,175,108,0,55,147,890,0,0,260,0,17,238,100,286,147,25,69,45,49,22,40,57,45,152,163,0,0,0,37,78,0,0,0,0,0,0,0,20,8,2,7,53,37,0,3,14,14,0,0,4,0,0,0,7,8,0,0,19,4,16,14,3,14,30,19,14,3,38,0,0,0,11,26,32,37,27,101,32,19,0,0,0,0,110,29,0,0,15,23,0,37,0,0,53,19,0,0,47,22,0,299,101,10,0,0,0,69,0,17,186,180,2,0,0,0,17,2,2,71,4
第四十六回,1185,0,160,57,0,545,118,0,178,109,40,55,147,890,0,0,260,0,17,243,101,298,147,27,69,47,49,23,40,58,45,193,228,0,0,0,37,80,0,0,0,0,0,0,0,20,10,5,8,53,50,0,3,15,15,0,0,4,2,0,0,7,8,0,0,19,6,16,14,4,14,30,19,15,3,38,0,0,0,11,26,33,37,27,102,32,19,0,22,0,0,110,29,0,0,15,23,0,45,0,0,53,19,0,0,48,35,0,307,101,10,0,0,0,69,0,17,186,180,2,0,0,0,17,2,2,72,4
第四十七回,1260,0,165,57,0,547,134,0,184,109,43,55,147,890,0,0,260,0,17,245,101,305,147,30,69,49,49,25,40,60,45,199,240,0,0,0,37,83,0,0,0,0,0,0,0,20,10,21,16,53,51,0,3,16,16,0,0,5,5,0,0,7,8,0,0,19,16,16,14,4,14,30,19,15,3,38,0,0,0,11,26,33,37,27,102,32,19,0,31,0,0,110,29,0,0,15,23,0,45,0,0,53,19,0,0,50,35,0,310,101,10,0,0,0,69,0,17,186,180,2,0,0,0,17,2,2,72,4
第四十八回,1270,0,169,57,0,547,134,0,184,109,43,55,147,890,0,0,260,0,17,246,101,305,147,30,69,49,49,25,40,60,45,199,240,40,35,0,37,83,25,0,0,0,0,0,0,20,10,21,21,53,56,0,3,17,17,0,0,5,5,0,0,7,8,0,0,19,16,16,14,4,14,30,19,15,3,38,28,0,0,11,26,33,37,27,102,32,19,0,31,14,0,110,29,0,0,15,23,0,54,30,35,53,19,0,0,50,35,0,310,101,10,0,0,0,69,0,17,186,180,2,0,0,0,17,2,2,72,4
第四十九回,1324,0,171,57,0,548,135,0,190,109,66,55,147,890,0,0,260,0,17,249,101,312,147,33,69,51,50,26,40,62,45,203,251,46,41,0,37,84,59,0,0,0,0,0,0,22,12,21,23,53,59,0,3,18,18,0,0,7,7,0,0,7,8,0,0,19,17,16,14,4,15,30,19,15,3,38,35,0,0,11,26,33,37,27,102,32,19,0,39,21,0,111,29,0,0,15,23,0,54,37,41,53,19,0,0,51,37,0,313,101,10,0,0,0,69,0,17,186,180,2,0,0,0,17,2,2,72,4
第五十回,1342,0,182,57,0,549,136,0,191,117,67,146,147,890,0,0,260,0,17,250,102,325,147,34,133,52,50,27,40,63,45,204,252,47,42,0,37,85,60,0,0,0,0,0,0,23,13,22,24,54,60,0,4,19,19,0,0,8,7,0,0,7,8,0,0,20,17,18,16,5,16,30,19,16,4,39,36,0,0,12,26,34,38,27,102,32,19,0,40,22,0,114,30,0,0,16,24,0,55,38,42,53,19,0,0,52,38,0,318,101,10,0,0,0,69,0,17,186,180,2,0,0,0,17,2,2,72,4
第五十一回,1414,0,198,57,0,573,150,0,199,208,67,186,147,890,0,0,260,0,17,258,102,390,147,34,139,54,50,29,40,65,45,206,254,47,42,0,37,85,62,0,0,0,0,0,0,23,13,24,26,54,78,0,4,21,21,0,0,8,7,0,0,7,8,0,0,20,19,18,16,5,16,30,19,16,4,39,36,0,0,12,26,34,38,27,102,32,19,0,40,22,0,116,30,0,0,16,24,0,55,38,42,53,19,0,0,68,38,0,328,105,10,0,0,0,69,0,17,186,180,2,0,0,0,17,2,2,72,4
第五十二回,1430,0,201,98,0,573,150,0,199,208,67,186,147,890,0,0,260,0,17,365,102,517,147,34,139,54,50,29,40,65,45,206,254,47,42,0,37,85,62,0,0,0,0,0,0,23,13,24,26,54,78,0,4,21,21,0,0,8,7,0,0,7,8,0,0,20,19,18,16,5,16,30,19,16,4,39,36,0,0,12,26,34,38,27,102,32,19,0,40,22,0,116,30,0,0,16,24,0,55,38,42,53,19,0,0,68,38,0,328,105,10,0,0,0,69,0,17,186,180,2,0,0,0,17,2,2,72,4
第五十三回,1465,0,207,120,0,578,153,10,206,218,67,187,147,890,0,0,260,0,17,373,102,565,147,34,142,54,50,29,40,65,45,206,254,47,42,0,37,85,63,0,0,0,0,0,0,23,13,25,27,54,78,0,4,23,24,0,0,8,7,0,0,7,8,0,0,20,20,18,16,5,16,30,19,16,4,39,36,0,0,12,26,34,38,27,102,32,19,12,40,22,0,116,30,0,0,16,24,0,55,38,42,53,19,0,0,68,38,0,331,116,10,0,0,0,69,0,17,186,180,2,0,0,0,17,2,2,72,6
第五十四回,1498,0,211,123,0,587,163,50,215,219,67,191,147,890,0,0,260,0,17,373,102,569,147,35,147,60,51,34,40,69,45,207,256,47,42,0,37,87,71,0,0,15,0,0,0,23,13,26,27,54,80,0,4,24,25,0,0,8,10,0,0,7,8,0,0,20,20,18,16,5,16,30,19,16,4,39,36,0,0,12,26,34,38,27,102,32,19,15,40,22,0,116,30,0,0,16,24,0,56,40,43,53,19,0,0,68,39,0,337,132,10,0,0,0,69,0,17,186,180,2,0,0,0,17,2,2,72,6
第五十五回,1508,0,215,124,0,590,163,51,215,219,67,191,147,890,0,0,260,77,17,378,102,570,147,35,149,60,51,34,40,69,45,207,256,47,42,0,37,87,71,0,0,15,0,0,0,23,13,26,27,54,82,0,4,24,25,0,0,8,10,0,0,7,8,0,0,20,20,18,16,5,16,30,19,16,4,39,40,0,0,12,26,34,38,30,102,32,19,68,40,22,0,117,30,0,0,16,27,0,56,40,43,53,19,0,0,68,80,0,339,132,10,0,0,0,69,0,17,186,180,2,0,0,0,17,2,2,72,6
第五十六回,1525,0,218,126,0,590,164,138,216,220,68,192,164,904,0,0,273,86,17,379,104,570,147,37,149,61,51,35,40,70,45,208,256,50,45,0,37,87,72,0,0,26,0,0,0,23,13,27,28,55,83,0,4,25,26,0,0,8,10,0,0,15,18,0,0,20,21,19,17,6,16,30,19,17,5,39,40,0,0,16,30,34,40,31,104,43,30,70,42,24,0,117,30,0,0,16,28,0,57,41,44,55,21,0,0,68,81,0,340,132,10,0,0,0,69,0,17,186,180,2,0,0,0,17,2,2,72,6
第五十七回,1575,0,222,127,0,592,174,182,222,221,68,193,212,924,0,0,283,86,17,380,104,570,150,38,149,62,51,36,40,70,45,209,256,52,48,0,46,87,74,0,0,27,0,0,0,23,13,30,28,57,84,2,4,27,28,0,0,9,10,0,0,22,41,0,0,20,21,19,17,6,17,32,21,17,5,39,41,0,0,16,34,34,40,31,108,50,36,71,42,24,0,118,30,0,0,25,28,0,57,41,45,57,23,0,0,68,82,0,346,134,10,0,0,0,69,0,17,186,180,2,0,0,0,17,2,2,74,6
第五十八回,1631,0,243,131,0,594,181,188,233,222,75,196,220,932,0,0,285,94,17,388,104,570,171,39,149,72,51,36,40,79,45,212,260,56,52,0,59,88,75,0,0,27,0,0,0,23,13,30,28,57,84,2,4,28,29,0,0,9,10,0,0,22,41,2,2,20,21,19,17,6,17,37,31,17,5,39,41,0,0,16,34,34,40,31,108,50,36,71,42,24,0,119,30,0,0,25,28,0,57,41,45,57,23,0,0,68,82,0,349,134,10,0,0,1,69,0,17,186,180,2,0,0,0,17,2,2,74,6
第五十九回,1689,3,256,141,0,618,182,195,235,224,76,198,221,933,0,0,286,97,17,392,109,573,173,42,150,73,53,38,44,80,48,214,262,57,53,0,63,91,78,0,0,28,0,0,0,24,14,34,30,60,85,3,5,30,31,0,0,9,10,0,16,24,42,15,15,21,22,20,18,7,18,39,32,18,7,40,42,0,0,17,35,39,44,32,109,51,37,72,43,24,0,120,31,0,0,26,30,0,58,42,46,58,24,0,0,72,83,4,383,134,10,0,0,1,69,0,17,186,180,2,0,0,0,17,2,2,74,6
第六十回,1701,99,297,142,0,620,183,196,237,224,77,201,227,936,0,0,286,98,17,392,113,606,173,45,152,75,54,38,45,82,49,214,262,57,53,8,63,91,78,0,0,28,0,0,0,24,14,34,30,60,85,3,5,30,31,0,0,9,10,0,16,24,42,15,15,21,22,20,18,7,18,39,32,18,7,40,42,0,0,17,35,39,44,32,109,51,37,72,43,24,0,120,31,0,0,26,30,0,58,42,46,58,24,0,0,72,83,4,383,134,10,0,0,1,69,0,17,186,180,2,0,0,0,17,2,2,74,6
第六十一回,1727,191,311,144,0,622,183,196,237,227,77,201,227,936,0,0,286,98,17,394,113,607,173,45,152,75,54,38,45,84,49,219,278,57,53,52,64,91,78,0,0,28,0,0,0,24,14,34,30,60,85,3,5,30,31,0,0,9,10,0,16,24,42,15,15,21,22,20,18,7,18,39,32,18,7,40,42,0,0,17,35,39,44,32,109,51,37,72,43,24,0,120,31,28,8,26,30,0,58,42,46,58,24,0,0,72,83,4,383,135,10,0,0,1,69,0,17,186,180,2,0,0,0,17,2,2,74,6
第六十二回,1748,200,316,145,13,626,188,197,239,227,79,202,227,936,0,0,286,98,36,397,114,613,175,46,152,76,54,38,45,84,49,220,287,60,56,53,64,92,79,9,5,31,0,0,0,24,16,35,32,61,85,5,5,31,32,0,0,9,11,0,16,27,45,15,15,21,24,20,18,7,18,41,34,18,7,40,42,0,0,17,35,39,44,32,109,51,37,72,43,24,0,120,31,32,8,26,30,0,58,44,48,58,26,0,0,72,83,4,383,135,14,2,0,1,69,0,17,186,180,2,0,0,0,17,2,2,74,6
第六十三回,1798,201,327,145,74,638,196,219,248,227,80,202,227,936,0,0,286,98,56,398,115,613,175,46,152,80,56,47,47,96,56,220,288,60,56,53,64,95,81,31,14,31,0,0,0,24,16,35,32,61,85,6,5,32,33,0,0,9,11,0,16,27,45,15,15,21,24,21,18,7,18,41,34,18,7,40,42,0,0,17,35,39,44,33,109,51,37,72,43,24,0,120,31,32,8,26,30,0,58,44,48,58,26,0,0,72,83,4,383,135,14,2,0,1,69,0,17,186,180,2,0,0,0,17,2,2,74,6
第六十四回,1830,205,339,145,74,638,196,219,248,227,80,202,227,937,0,0,287,98,59,405,115,613,175,46,152,80,56,47,47,177,56,220,292,60,56,53,64,95,81,31,14,31,0,0,0,24,16,35,32,61,85,6,5,32,33,32,0,9,11,0,16,27,45,15,15,21,24,21,18,7,18,41,34,18,7,40,42,0,0,17,35,39,44,33,109,51,37,72,43,24,0,120,31,32,8,26,30,0,58,44,48,58,26,16,0,72,83,4,387,135,14,2,0,1,69,0,17,186,180,2,0,0,0,17,2,2,74,6
第六十五回,1836,215,350,148,77,642,198,221,251,238,82,202,229,939,0,0,287,98,59,405,120,616,177,48,154,80,56,47,47,181,56,226,298,66,60,60,64,97,83,32,15,34,0,0,0,24,17,37,34,62,85,9,5,32,33,33,0,9,11,0,18,33,50,17,17,21,25,21,18,7,18,43,34,20,7,40,46,0,0,19,38,44,48,33,111,51,37,72,45,32,0,120,31,42,14,29,30,0,58,47,51,62,29,16,0,72,97,4,387,135,14,2,0,1,69,0,17,186,180,2,0,0,0,17,2,2,74,6
第六十六回,1874,228,358,148,124,646,198,221,251,238,82,202,229,939,0,0,293,98,59,409,120,656,177,48,155,80,56,47,47,181,56,226,298,66,60,61,64,99,85,42,25,34,0,0,20,24,17,37,34,62,86,9,5,32,33,33,0,9,11,7,19,33,50,18,18,21,25,21,18,7,18,43,34,20,7,40,48,0,0,20,38,44,48,34,112,51,37,72,45,32,0,122,31,44,16,29,32,9,59,47,51,62,29,18,0,72,104,7,387,135,19,2,0,1,69,0,17,186,180,2,0,0,0,17,2,2,74,7
第六十七回,1930,237,391,150,129,649,206,221,258,238,82,206,235,944,0,0,297,100,59,412,121,669,181,48,158,80,56,47,47,181,56,226,298,70,63,64,64,99,85,42,25,34,0,0,24,24,17,37,38,62,89,9,5,42,41,33,0,9,11,8,22,34,51,22,22,21,29,21,18,7,18,44,35,20,7,40,48,0,0,20,38,44,48,34,112,51,37,72,45,33,1,122,31,44,16,29,32,10,62,47,51,62,29,18,12,72,121,11,390,135,19,2,0,1,69,0,17,186,180,2,0,0,0,17,2,2,74,7
第六十八回,1989,245,399,151,130,651,206,222,260,238,82,207,235,944,51,0,298,105,60,412,122,669,212,48,159,81,57,47,48,181,57,226,298,72,65,65,64,99,85,43,26,38,0,0,25,24,18,38,39,63,90,10,5,43,42,33,0,9,11,8,23,36,53,23,23,21,30,22,19,7,18,44,35,20,7,40,48,0,0,20,38,44,48,34,113,51,37,72,45,33,1,122,31,44,16,29,32,10,63,48,66,65,32,24,18,74,122,12,391,135,19,3,0,1,69,0,17,186,180,2,0,0,0,17,2,2,74,7
第六十九回,2039,251,404,153,133,656,206,225,264,238,82,211,242,946,69,75,302,109,67,412,132,669,212,48,164,82,57,48,48,182,57,226,298,72,65,67,64,100,86,46,29,43,0,0,25,24,18,38,39,66,90,10,5,48,47,33,4,9,11,8,24,36,53,25,24,21,30,22,19,7,18,44,35,20,7,40,48,14,15,20,38,44,48,34,113,51,37,72,45,33,1,122,31,44,16,30,32,10,63,48,66,65,32,24,18,75,122,12,391,135,19,3,0,1,69,0,17,186,180,2,0,0,0,17,2,2,74,7
第七十回,2064,267,412,162,136,662,210,229,268,242,86,215,248,950,73,79,306,113,71,416,136,673,216,52,168,86,61,52,52,186,61,230,301,76,69,71,69,104,90,50,33,47,0,0,29,31,21,42,43,69,93,14,9,52,51,37,8,12,14,11,28,40,57,29,28,25,33,26,23,10,21,47,38,23,10,43,51,17,18,23,41,47,51,37,116,54,40,75,48,36,4,125,34,47,19,33,35,13,66,51,69,68,35,27,21,78,125,17,392,135,19,3,0,1,69,0,17,186,180,2,0,0,0,17,2,2,74,7
第七十一回,2094,269,417,164,138,664,212,231,270,244,88,217,252,954,75,81,308,115,73,418,138,681,218,54,170,88,63,54,54,188,63,232,303,78,71,74,72,106,92,52,35,49,2,0,31,34,23,44,45,70,94,16,11,54,53,39,10,13,15,12,30,42,59,31,30,27,35,28,25,11,23,48,39,24,11,45,55,18,19,24,42,48,52,38,117,55,41,76,49,37,5,126,35,48,20,34,36,14,67,52,70,69,36,28,22,79,126,18,393,135,19,3,0,1,69,0,17,186,180,2,0,0,0,17,2,2,74,7
第七十二回,2151,269,419,164,139,665,213,232,270,287,88,220,255,956,76,81,308,115,73,435,141,706,223,59,170,88,63,54,54,188,63,232,303,78,71,128,72,106,92,52,35,49,2,0,31,34,23,44,45,70,94,16,11,54,53,40,10,13,15,12,30,42,59,31,30,27,35,28,25,11,23,48,39,24,11,45,55,18,19,24,42,48,52,38,117,55,41,76,49,37,5,126,35,48,20,34,36,14,67,52,70,69,36,28,22,79,126,18,393,140,19,3,0,1,69,0,17,186,180,2,1,0,32,17,2,2,74,7
第七十三回,2192,269,419,164,140,666,214,233,270,295,88,220,255,956,77,81,308,115,73,435,141,814,223,59,170,88,63,54,54,188,63,232,303,78,71,189,72,106,92,52,35,49,2,0,31,34,24,44,45,70,94,16,11,54,53,40,10,13,15,12,30,42,59,31,30,27,35,28,25,11,23,48,39,24,11,45,55,18,19,24,42,48,52,38,117,55,41,76,49,37,5,126,35,48,20,34,36,14,67,52,70,69,36,28,22,79,126,18,393,141,19,4,0,1,69,0,17,186,180,2,1,0,36,17,2,2,74,7
第七十四回,2203,276,419,164,140,666,214,233,270,295,88,220,256,957,77,81,308,115,73,435,141,859,224,63,170,88,63,54,54,188,63,232,303,79,72,251,72,106,92,52,35,49,2,0,31,34,24,44,45,70,94,16,11,54,53,40,10,13,15,12,30,42,59,31,30,27,35,28,25,11,23,48,39,24,11,45,55,18,19,24,42,48,52,38,117,55,41,76,49,37,5,126,35,48,20,34,36,14,67,52,70,69,36,28,22,79,126,18,393,141,19,4,0,1,69,0,17,186,180,2,1,0,36,17,2,2,74,8
第七十五回,2231,278,422,164,141,667,214,233,270,296,88,220,256,958,77,81,308,116,73,435,142,863,225,64,170,88,63,54,54,188,76,232,303,79,72,251,72,106,92,53,35,49,2,0,31,44,32,44,45,70,94,16,11,58,57,40,10,13,15,12,30,42,59,31,30,27,35,28,25,11,23,48,39,24,11,46,55,18,19,24,43,48,52,38,117,55,41,76,49,37,5,126,35,48,20,34,36,14,67,52,70,69,36,28,22,79,126,18,393,148,22,7,1,1,69,0,17,186,180,2,1,0,36,17,2,2,74,8
第七十六回,2238,278,425,165,142,669,222,233,271,296,88,221,256,958,79,85,309,117,75,436,143,867,226,65,171,88,63,54,54,188,76,232,303,80,73,252,72,107,93,54,36,50,2,0,33,45,33,45,46,71,95,17,11,59,58,40,10,14,16,12,34,44,60,33,32,27,36,28,25,11,23,49,40,25,12,46,55,19,20,25,43,49,52,39,118,55,42,76,49,37,5,126,35,49,21,34,36,15,67,53,71,70,37,28,23,79,126,18,393,150,22,38,1,1,69,0,17,186,180,2,1,0,36,17,2,2,74,8
第七十七回,2250,285,431,167,145,676,225,238,272,296,88,225,260,960,82,89,315,118,78,437,143,869,232,65,177,88,63,54,54,190,76,234,305,82,75,252,72,107,93,54,36,50,2,0,33,45,34,45,46,71,95,17,11,59,58,40,10,14,16,13,34,44,60,35,34,27,36,28,25,11,23,49,40,25,12,46,55,21,22,25,43,49,52,39,118,55,42,76,49,37,5,126,35,49,21,34,36,15,67,53,71,70,37,28,23,79,126,18,393,150,22,100,1,1,69,0,17,186,180,2,1,0,36,17,2,2,74,8
第七十八回,2270,285,436,167,145,680,225,241,272,296,88,225,260,960,98,93,315,118,78,441,146,871,232,65,177,88,65,55,55,190,77,234,305,82,75,252,72,107,93,54,36,50,2,0,33,45,34,45,46,71,95,17,11,59,58,40,10,14,16,13,34,44,60,35,34,27,36,28,25,11,23,49,40,25,12,46,55,21,22,25,43,49,52,39,118,55,42,76,49,37,5,126,35,49,21,34,36,15,67,53,71,70,37,28,23,79,126,18,393,195,31,112,1,1,69,0,17,186,180,2,1,0,36,17,2,2,74,8
第七十九回,2299,288,444,169,146,682,227,262,272,296,88,226,260,960,99,104,316,118,82,441,148,872,232,65,177,90,65,58,55,190,77,235,306,82,75,252,72,107,93,54,36,50,2,0,33,45,34,45,46,71,95,18,11,59,58,42,10,14,17,14,35,44,60,36,35,27,36,29,25,11,23,49,40,25,12,46,55,21,22,25,43,49,52,39,118,55,42,76,49,37,5,126,35,49,21,34,36,15,67,54,72,71,38,28,23,79,126,18,393,234,35,112,1,1,69,0,17,186,180,2,1,0,36,17,2,2,74,9
第八十回,2345,297,457,173,147,683,228,263,275,296,88,226,260,960,99,117,317,118,82,444,148,873,232,65,177,92,66,60,56,195,78,236,307,83,76,257,72,107,93,54,36,50,2,0,33,47,34,45,46,71,98,18,11,59,58,42,10,14,18,14,35,44,60,36,35,27,36,31,27,12,23,49,40,27,12,46,57,21,22,25,45,49,52,42,118,57,42,78,51,37,5,126,35,49,21,34,38,15,67,59,75,76,41,28,23,79,131,22,393,318,36,112,1,1,69,0,17,186,180,2,1,0,36,17,2,2,74,9
第八十一回,2362,298,459,173,147,683,228,263,275,297,88,226,260,960,99,117,317,118,82,469,148,874,232,65,177,92,66,60,56,195,78,236,307,83,76,363,73,107,93,54,36,50,2,0,33,56,34,45,46,71,98,18,11,59,58,42,10,14,18,14,35,44,60,36,35,27,36,31,27,12,23,49,40,27,12,46,73,21,22,25,45,49,52,42,118,57,42,78,51,37,5,126,35,49,21,34,38,15,67,59,75,76,41,28,23,79,131,22,393,332,36,113,1,2,69,0,17,186,180,2,1,0,82,17,2,2,74,12
第八十二回,2437,304,469,177,147,683,228,263,275,297,88,226,262,960,99,117,317,118,82,474,148,874,232,65,177,92,66,60,56,195,78,236,307,83,76,371,76,107,93,54,36,50,2,0,33,67,39,45,46,71,98,18,11,59,58,42,10,14,18,14,35,44,60,36,35,27,36,31,27,12,23,49,40,27,12,46,80,21,22,25,45,49,52,42,118,57,42,78,51,37,5,126,35,49,21,34,38,15,67,59,75,76,41,28,23,79,131,22,394,339,36,117,1,5,69,0,17,186,180,2,1,0,84,17,2,2,76,17
第八十三回,2503,309,478,180,152,689,229,264,277,297,88,226,262,960,106,126,317,122,83,478,149,878,232,65,177,98,66,62,56,197,78,236,307,83,76,374,76,107,93,54,36,50,2,0,33,67,39,45,46,71,98,22,11,59,58,42,10,14,18,18,39,44,60,41,40,27,36,32,28,13,23,49,40,27,12,47,80,21,22,25,45,50,53,42,118,57,42,78,51,37,5,127,35,49,21,34,38,15,67,59,75,76,41,29,23,79,131,24,394,340,37,120,2,7,69,0,17,186,180,2,1,0,84,17,2,2,76,18
第八十四回,2546,336,482,182,159,692,230,272,278,298,89,226,263,961,109,136,317,127,87,479,150,879,238,66,178,99,66,63,56,198,78,239,318,88,80,378,86,108,94,56,38,52,2,0,35,70,40,46,47,72,101,23,12,60,59,45,12,14,18,19,40,45,61,42,41,28,37,33,29,14,25,50,41,28,13,49,81,22,23,26,46,51,54,43,119,58,43,79,52,39,7,128,36,50,22,35,39,16,70,61,76,77,42,30,24,81,144,25,394,341,37,121,2,7,69,0,17,186,180,2,1,0,84,17,2,2,76,18
第八十五回,2650,350,498,198,159,695,230,272,285,298,89,228,265,962,109,136,317,127,87,482,151,883,238,68,178,99,66,63,56,198,78,239,318,89,81,378,88,108,94,56,38,52,2,0,35,70,40,46,47,73,102,23,12,62,61,45,12,14,18,20,41,46,62,43,42,28,38,33,29,14,25,50,41,28,13,49,81,22,23,26,46,51,54,43,119,58,43,79,52,39,7,128,36,50,22,36,40,16,71,61,76,77,42,30,25,82,145,26,394,344,40,124,5,7,69,0,17,186,180,2,1,0,84,17,2,2,76,18
第八十六回,2694,366,504,201,164,696,232,276,286,298,89,229,265,962,110,136,317,128,88,482,151,886,238,68,178,99,66,63,56,198,78,240,319,107,98,378,90,110,94,57,39,53,2,0,36,70,40,46,47,73,103,23,12,62,61,45,12,14,18,22,43,46,62,44,43,28,38,33,29,14,25,51,42,28,13,49,81,22,23,26,47,52,54,43,119,59,44,79,52,40,8,128,36,50,22,36,40,16,75,61,76,77,42,30,25,87,146,30,394,344,40,124,5,7,69,0,17,186,180,2,1,0,84,17,2,2,76,18
第八十七回,2732,368,511,202,164,696,234,278,288,298,89,229,265,962,110,136,317,128,88,482,151,886,242,68,178,99,66,63,56,198,78,240,319,107,98,378,97,110,110,57,39,53,2,0,36,70,40,46,47,73,103,23,12,63,62,45,12,14,18,22,43,46,62,44,43,28,38,33,29,14,25,51,42,28,13,49,81,22,23,26,47,52,54,43,119,59,44,79,52,40,8,128,36,50,22,36,40,16,75,61,76,77,42,30,25,87,146,30,394,344,40,124,5,7,69,0,17,186,180,2,1,0,84,17,2,2,76,18
第八十八回,2805,373,523,204,166,698,236,281,289,298,89,230,267,964,112,136,319,130,90,482,151,893,242,68,178,99,66,63,56,198,78,241,320,108,99,378,101,110,110,57,39,53,2,0,36,70,41,46,47,73,103,23,12,63,62,48,13,14,18,23,44,46,63,45,44,28,38,33,29,14,25,51,42,28,13,49,81,22,23,26,47,54,56,43,119,59,44,79,52,40,8,128,37,50,22,36,41,16,76,61,76,77,42,30,25,87,146,30,394,344,40,124,5,7,69,0,17,186,180,2,1,0,84,17,2,2,76,18
第八十九回,2845,378,525,206,175,700,239,284,294,305,92,232,275,967,115,140,320,131,91,482,152,895,243,69,179,99,66,63,56,198,78,242,321,110,101,379,101,111,111,59,41,55,2,0,38,76,41,48,49,74,105,23,12,65,64,48,14,15,20,25,46,48,63,47,46,30,40,33,29,14,25,53,43,28,13,49,82,23,24,27,47,54,56,44,120,59,45,80,52,41,9,128,37,51,24,36,41,17,76,63,79,79,44,30,25,87,146,30,394,348,46,128,8,8,69,0,17,186,180,2,1,0,84,17,2,2,76,19
第九十回,2900,383,528,209,175,700,239,284,294,305,92,232,290,968,115,140,320,131,91,490,152,895,243,69,179,99,66,63,56,198,78,242,328,110,101,411,101,111,111,59,41,55,2,0,38,77,41,48,49,74,105,23,12,65,64,48,14,15,20,25,46,48,63,47,46,30,40,33,29,14,25,53,43,28,13,49,82,23,24,27,47,54,56,44,120,59,45,80,52,41,9,128,37,51,24,36,41,17,76,63,79,79,44,30,25,87,146,30,394,348,48,130,8,8,69,0,17,186,180,2,1,0,84,17,2,2,76,19
第九十一回,2936,402,545,211,176,701,241,285,305,307,93,238,293,969,119,143,326,132,93,495,154,904,251,73,179,102,66,63,56,198,78,244,333,110,101,415,101,116,116,61,43,57,2,0,39,77,41,50,51,76,107,23,12,65,64,49,14,15,20,31,46,48,63,50,48,30,42,33,29,14,25,55,45,28,13,49,82,23,24,27,47,54,56,44,120,60,47,80,52,41,9,128,37,51,24,36,41,17,76,63,79,79,44,30,25,87,146,30,394,348,48,130,8,8,69,0,17,186,180,2,1,0,84,17,2,2,76,19
第九十二回,2951,407,558,211,176,704,249,285,323,307,93,240,297,972,122,143,327,136,95,496,156,908,253,75,180,102,66,63,56,198,78,245,348,117,108,415,101,119,127,62,44,59,2,0,40,78,41,53,54,79,107,24,12,65,64,49,14,20,20,33,46,48,63,52,50,30,45,33,29,14,25,56,46,28,13,49,82,23,24,27,47,54,56,44,120,61,47,81,52,41,9,128,37,51,24,37,42,17,76,64,79,80,44,30,26,87,162,31,394,348,48,130,8,8,69,0,17,186,180,2,1,0,84,17,2,2,76,19
第九十三回,2975,412,561,212,177,705,250,286,324,308,94,241,302,974,122,146,328,137,96,499,157,961,254,76,181,103,66,63,56,198,78,246,351,119,110,416,102,120,128,63,45,60,2,0,41,80,43,54,55,80,108,25,13,66,65,53,15,21,21,34,47,49,64,53,51,31,46,33,29,15,26,57,47,29,14,50,85,24,25,28,48,55,57,45,120,62,48,82,52,42,10,129,38,52,25,38,43,18,77,65,80,81,45,31,27,88,164,32,394,350,50,132,10,8,69,0,17,186,180,2,1,0,84,17,2,2,76,19
第九十四回,3009,420,569,213,179,723,250,287,331,309,95,244,302,974,124,162,328,142,104,501,157,975,255,77,181,103,66,63,56,198,78,246,351,119,110,416,102,120,133,63,45,60,2,0,43,81,43,54,55,83,108,25,13,66,65,54,15,21,21,37,48,49,64,56,54,31,48,33,29,15,26,57,48,29,14,50,85,24,25,28,48,55,57,45,123,62,48,83,55,42,10,129,38,52,25,38,44,18,77,65,80,81,45,31,27,88,164,32,394,350,50,132,10,8,69,0,17,186,180,2,1,0,84,17,2,2,76,19
第九十五回,3029,420,577,213,179,733,250,287,331,309,95,244,307,979,124,166,328,150,108,501,162,982,255,77,181,103,66,63,56,198,78,246,351,120,111,416,102,120,133,63,45,60,2,0,45,81,43,54,55,83,108,25,13,66,65,54,15,23,23,37,53,49,64,56,54,31,48,33,29,15,26,57,48,29,14,50,85,24,25,28,48,55,57,45,123,62,48,86,55,42,10,129,38,52,25,38,46,18,77,66,81,81,45,31,31,88,164,32,394,350,50,132,10,8,69,0,17,186,180,2,1,0,84,17,2,2,76,19
第九十六回,3045,420,579,240,179,740,252,287,331,309,95,244,307,979,124,172,328,158,118,501,162,983,255,77,181,103,66,63,56,198,78,246,351,121,112,416,102,120,133,63,45,60,2,0,49,81,43,54,55,83,108,25,13,66,65,54,15,29,26,37,58,49,64,56,54,31,48,33,29,15,26,57,48,29,14,50,85,24,25,28,48,55,57,45,123,62,48,91,55,42,10,129,38,52,25,38,49,18,77,71,84,81,45,31,31,88,164,32,394,350,50,132,10,8,69,0,17,186,180,2,1,0,84,17,2,2,76,19
第九十七回,3069,420,580,254,179,741,252,287,331,309,95,244,308,980,124,173,328,158,118,515,163,984,255,77,181,103,66,63,56,198,78,246,351,121,112,416,102,120,133,63,45,60,2,0,50,83,43,54,55,83,108,25,13,66,65,54,15,29,26,38,60,49,64,57,55,31,48,33,29,15,26,57,48,29,14,50,85,24,25,28,48,55,57,45,123,62,48,91,55,42,10,129,38,52,25,38,49,18,77,71,84,81,45,31,31,88,164,32,394,352,53,134,10,9,69,0,17,186,180,2,1,0,84,17,2,2,76,20
第九十八回,3104,420,585,255,179,757,252,287,331,309,95,245,316,988,124,189,328,162,123,516,164,1002,255,77,181,103,66,63,56,198,78,246,351,133,124,416,102,120,134,63,45,60,2,0,51,86,44,54,55,83,108,26,14,66,65,62,16,41,39,39,61,49,64,58,56,32,48,33,29,16,27,57,48,29,14,51,86,24,25,28,48,55,57,45,123,62,48,94,55,42,10,130,38,53,26,38,49,18,77,75,89,81,45,32,32,88,164,33,394,352,53,134,10,9,69,0,17,186,180,2,1,0,84,17,2,2,76,20
第九十九回,3113,446,585,266,192,760,254,291,344,310,96,246,329,988,132,193,329,163,126,530,164,1002,260,80,182,109,67,64,57,199,79,247,352,134,125,416,103,121,135,66,49,63,2,0,53,86,44,58,58,84,108,26,14,67,66,62,16,41,39,39,61,50,65,58,56,32,49,35,31,16,27,59,51,30,14,51,86,25,26,28,48,55,57,45,124,64,50,96,58,43,11,130,38,53,26,38,49,19,78,75,89,81,45,32,32,88,164,33,394,352,53,134,10,9,69,0,17,186,180,2,1,0,84,17,2,2,76,20
第一百回,3133,457,586,266,195,760,256,291,344,310,96,246,332,990,132,215,330,163,129,533,164,1003,260,80,184,114,68,67,58,202,80,248,353,139,130,416,104,122,136,66,49,63,2,0,53,86,44,59,59,84,110,26,14,67,66,62,16,42,39,39,61,50,65,58,56,32,50,35,31,16,27,61,53,31,15,51,89,26,27,29,49,56,58,46,124,65,52,98,58,44,12,130,39,55,28,39,49,21,79,75,89,82,46,34,34,89,165,36,394,352,57,134,10,9,69,0,17,186,180,2,1,0,84,17,2,2,76,22
第一百零一回,3165,460,589,267,195,760,256,291,344,310,96,246,332,990,132,223,330,163,129,534,164,1003,260,80,184,114,68,67,58,202,80,248,353,139,130,416,105,122,136,66,49,63,2,0,53,87,45,59,59,84,110,26,14,67,66,62,16,42,39,39,61,50,65,58,56,33,50,35,31,16,27,61,53,31,15,52,89,26,27,29,49,56,58,46,124,65,52,98,58,44,12,130,39,55,28,39,49,21,79,75,89,82,46,34,34,89,165,36,394,353,68,144,11,9,69,0,17,186,180,2,1,0,85,17,2,2,76,30
第一百零二回,3165,460,589,267,195,760,256,291,344,310,96,246,332,990,132,223,330,163,129,534,164,1003,260,80,184,114,68,67,58,202,80,248,353,139,130,416,105,122,136,66,49,63,2,0,53,87,45,59,59,84,110,26,14,67,66,62,16,42,39,39,61,50,65,58,56,33,50,35,31,16,27,61,53,31,15,52,89,26,27,29,49,56,58,46,124,65,52,98,58,44,12,130,39,55,28,39,49,21,79,75,89,82,46,34,34,89,165,36,394,353,68,144,11,9,69,0,17,186,180,2,1,0,85,17,2,2,76,30
第一百零三回,3165,460,589,267,195,760,256,291,344,310,96,246,332,990,132,223,330,163,129,534,164,1003,260,80,184,114,68,67,58,202,80,248,353,139,130,416,105,122,136,66,49,63,2,0,53,87,45,59,59,84,110,26,14,67,66,63,16,42,39,39,61,50,65,58,56,33,50,35,31,16,27,61,53,31,15,52,89,26,27,29,49,56,58,46,124,65,52,98,58,44,12,130,39,55,28,39,49,21,79,75,89,82,46,34,34,89,165,36,394,353,68,144,11,9,69,0,17,186,180,2,1,0,85,17,2,2,76,30
第一百零四回,3165,460,589,267,195,760,256,291,344,310,96,246,332,990,132,223,330,163,129,534,164,1003,260,80,184,114,68,67,58,202,80,248,353,139,130,416,105,122,136,66,49,63,2,0,53,87,45,59,59,84,110,26,14,67,66,63,16,42,39,39,61,50,65,58,56,33,50,35,31,16,27,61,53,31,15,52,89,26,27,29,49,56,58,46,124,65,52,98,58,44,12,130,39,55,28,39,49,21,79,75,89,82,46,34,34,89,165,36,394,353,68,144,11,9,69,0,17,186,180,2,1,0,85,17,2,2,76,30
第一百零五回,3199,461,594,269,198,760,257,292,345,311,97,246,332,990,133,237,331,163,130,534,164,1003,260,80,184,115,68,67,58,202,80,248,353,139,130,416,105,123,137,68,51,64,2,0,54,88,45,60,60,84,110,27,14,68,67,65,18,42,39,39,61,50,65,58,56,33,50,35,31,16,27,62,54,31,16,52,89,26,27,29,49,56,58,46,124,65,53,99,58,44,12,130,39,55,28,39,51,21,79,75,89,82,46,34,34,89,165,36,394,354,70,149,12,9,69,0,17,186,180,2,1,0,85,17,2,2,76,31
第一百零六回,3217,462,598,269,198,761,260,292,346,311,97,246,332,990,141,240,331,166,135,534,164,1003,260,80,184,119,68,67,58,202,80,248,353,139,130,416,106,124,138,70,53,65,2,0,55,89,45,61,61,85,111,27,14,69,68,65,18,42,39,40,61,50,65,58,56,33,51,35,31,16,27,62,55,31,16,52,89,26,27,29,49,56,58,46,124,65,54,99,58,44,12,130,39,55,28,39,51,21,79,75,89,82,46,34,34,89,165,36,394,354,70,149,12,9,69,0,17,186,180,2,1,0,85,17,2,2,76,31
第一百零七回,3238,476,605,270,199,761,269,298,346,312,99,247,339,991,143,243,335,168,135,535,164,1005,260,80,185,120,68,67,58,202,80,248,353,139,130,416,113,126,139,70,53,66,2,0,55,89,45,61,61,85,111,28,14,69,68,65,18,43,40,41,62,50,65,59,56,33,51,35,31,16,27,62,55,32,16,52,89,27,28,29,49,57,59,46,124,65,54,99,58,44,12,130,39,55,28,39,51,23,81,76,90,82,47,34,35,89,165,36,394,354,70,149,12,9,69,0,17,186,180,2,1,0,85,17,2,2,76,31
第一百零八回,3267,513,617,271,199,761,269,298,347,320,104,247,340,992,143,243,344,168,135,538,164,1005,261,80,185,122,68,67,58,202,80,248,353,143,143,426,117,126,140,70,53,66,2,0,58,106,50,61,61,85,111,28,15,69,68,66,18,43,40,41,63,50,65,59,56,38,51,36,32,16,27,62,55,32,16,52,89,27,28,33,49,57,59,51,128,68,54,99,58,47,14,130,39,55,28,39,51,23,81,76,90,82,47,34,35,89,165,36,394,354,70,149,12,9,69,0,17,186,180,2,1,0,85,17,2,2,76,31
第一百零九回,3284,519,617,272,200,769,270,299,347,320,104,248,344,994,144,251,345,168,136,540,166,1012,262,80,186,135,68,68,58,203,80,251,356,143,143,426,117,129,142,71,54,67,2,0,59,106,50,62,62,86,112,29,15,69,68,66,18,47,43,41,68,50,65,62,59,38,52,38,33,16,27,63,56,33,16,52,89,27,28,33,49,58,59,52,129,68,55,99,58,47,14,130,39,55,28,39,51,26,81,79,93,85,50,35,35,89,165,36,394,354,70,149,12,9,69,0,17,186,180,2,1,0,85,17,2,2,76,32
第一百一十回,3373,533,631,283,200,769,270,299,347,320,104,248,345,995,144,252,345,168,136,545,166,1028,262,80,186,140,68,70,58,204,80,251,356,143,143,447,118,129,142,71,54,67,2,0,59,108,50,62,62,86,112,29,15,69,68,66,20,47,43,41,68,50,65,62,59,41,52,38,33,16,27,63,56,33,16,52,92,27,28,33,49,58,59,52,129,68,55,99,58,47,14,130,39,55,28,39,51,26,81,79,93,85,50,35,35,89,166,36,394,354,72,150,12,9,69,0,17,186,180,2,11,0,85,17,2,2,76,33
第一百一十一回,3393,533,638,284,204,770,272,301,349,335,104,250,347,996,145,254,346,169,138,545,168,1033,267,98,187,150,69,75,59,239,84,253,360,152,153,467,118,129,142,72,56,68,2,0,60,109,50,62,62,86,114,29,15,69,68,66,21,47,43,43,69,52,67,65,62,42,52,40,35,17,28,63,56,34,18,52,93,28,29,33,50,62,60,54,130,69,56,100,59,48,15,130,39,55,29,40,52,28,82,79,93,85,50,35,35,90,166,36,394,354,72,150,12,9,69,0,17,186,180,2,18,0,85,17,2,2,76,33
第一百一十二回,3434,540,643,284,221,774,277,304,350,339,106,252,353,1000,148,257,347,172,141,549,169,1047,268,100,188,152,70,76,60,241,88,254,364,153,154,468,120,133,149,76,60,78,2,0,61,109,52,63,63,89,115,31,16,70,69,67,21,48,44,52,70,54,69,74,70,42,55,42,37,18,29,64,57,36,18,53,93,29,30,34,52,62,61,55,132,71,57,101,63,49,16,131,40,56,30,41,53,28,83,80,94,86,51,37,36,91,167,37,394,354,72,150,12,9,69,2,17,186,180,2,24,0,85,17,2,2,76,33
第一百一十三回,3469,540,649,284,223,774,278,304,352,339,108,256,354,1005,148,257,347,176,141,554,169,1058,269,100,188,204,71,77,60,244,88,254,367,153,154,468,120,135,152,78,61,78,2,0,61,109,54,63,63,89,115,36,16,70,69,67,21,48,44,58,71,55,72,80,76,42,55,53,47,18,29,64,57,36,18,53,93,29,30,34,52,62,61,55,135,71,57,101,64,49,16,131,40,56,30,41,53,28,83,80,94,86,51,37,36,91,167,37,394,354,72,150,12,9,69,4,17,186,180,2,33,0,85,17,2,2,76,33
第一百一十四回,3526,542,660,284,229,776,289,307,364,344,109,258,355,1006,149,258,347,191,142,563,170,1061,270,101,189,221,72,79,60,275,89,255,370,154,155,479,122,137,154,78,70,78,2,0,62,109,55,64,64,90,116,37,17,71,70,71,21,49,45,60,74,56,72,82,78,42,58,55,49,19,30,65,58,36,18,54,93,30,31,35,52,62,62,56,135,72,58,102,65,50,17,132,41,57,31,42,54,28,84,81,95,87,52,37,37,92,168,38,394,354,72,150,12,9,69,5,17,186,180,2,44,0,85,17,2,2,76,33
第一百一十五回,3575,547,671,284,239,782,291,316,367,344,111,262,365,1012,160,266,347,191,148,572,178,1078,271,103,193,225,74,95,62,281,90,256,374,160,161,479,123,138,155,78,70,78,2,0,63,109,56,67,69,91,117,41,18,75,72,71,21,52,48,73,77,57,72,89,85,42,61,56,50,21,30,66,59,36,18,55,93,34,32,37,52,62,64,57,135,75,64,106,66,52,19,133,42,58,32,46,57,28,86,87,100,90,55,37,38,96,171,38,394,354,72,150,12,9,69,5,17,186,180,2,45,0,85,17,2,2,76,33
第一百一十六回,3630,553,678,285,243,784,292,317,370,371,112,264,366,1013,160,266,347,191,148,573,178,1082,272,104,193,229,86,101,65,284,95,257,376,177,173,483,124,139,156,78,70,78,2,0,64,109,58,68,69,93,118,42,20,82,76,71,21,53,49,73,80,58,72,93,89,42,64,60,54,29,32,67,60,36,18,56,93,34,33,38,52,62,65,58,135,76,64,107,67,53,20,134,43,59,33,47,58,28,87,88,101,91,56,37,39,97,172,40,394,354,72,150,12,9,69,7,17,186,180,2,64,0,85,17,2,2,76,33
第一百一十七回,3701,553,688,286,250,784,301,317,380,371,114,268,370,1016,160,266,347,191,148,574,178,1090,272,104,193,229,86,101,65,284,95,257,376,179,175,483,124,139,156,78,70,78,2,0,64,109,58,68,69,99,118,46,20,83,77,71,21,54,50,73,83,58,72,98,93,42,72,60,54,29,32,67,60,36,18,56,93,34,33,38,52,62,65,58,135,76,64,107,67,53,20,134,43,59,33,47,58,28,87,88,101,91,56,37,39,97,172,40,394,354,72,150,12,9,69,7,17,186,180,2,80,0,85,17,2,2,76,33
第一百一十八回,3738,569,693,286,259,788,312,322,382,372,114,269,370,1016,160,266,347,191,148,576,178,1090,282,104,193,247,87,101,71,284,98,257,380,179,175,484,133,140,158,78,70,78,2,0,68,109,58,77,69,99,118,46,20,89,80,71,21,54,50,73,83,58,72,98,93,42,72,63,57,30,32,70,63,36,18,56,93,34,35,38,52,62,66,60,135,78,64,109,67,55,21,134,43,60,34,48,63,28,91,88,101,93,59,37,41,97,203,40,394,354,72,150,12,9,69,7,17,186,180,2,120,26,85,17,2,2,76,33
第一百一十九回,3821,588,701,287,267,793,313,324,393,386,119,277,393,1024,161,267,349,192,149,581,179,1093,283,106,194,255,88,103,72,286,110,260,381,180,176,500,135,142,160,79,71,79,2,0,69,110,60,78,70,100,121,48,22,90,81,72,22,55,52,74,85,59,73,99,94,43,73,68,61,31,33,71,64,37,19,62,94,35,36,42,53,63,67,61,136,79,65,110,69,56,23,135,45,61,36,49,64,29,92,90,104,94,61,38,42,98,206,41,394,354,72,150,12,9,69,8,17,186,180,2,159,26,85,17,2,2,76,34
第一百二十回,3901,606,718,288,269,793,313,325,405,388,121,278,393,1024,161,267,349,192,149,594,179,1116,283,106,194,255,88,103,72,286,115,260,381,180,176,500,137,143,161,79,71,79,2,0,69,111,61,78,70,100,122,49,23,90,81,74,23,55,52,74,86,59,73,99,94,44,73,68,61,31,33,71,64,37,19,68,95,35,36,43,53,63,67,61,136,79,65,110,71,56,24,135,45,61,37,49,64,29,92,91,105,94,61,38,42,98,206,41,395,370,80,158,28,11,69,9,17,186,180,2,162,26,94,17,2,2,76,37
